opp_created_at,symbol,base,quote,buy_at,sell_at,invest.min.base,invest.min.quote,invest.min.profit,invest.min.profit_percent,invest.max.base,invest.max.quote,invest.max.profit,invest.max.profit_percent,profit_loop_percent
2019-09-11T00:00:35.253Z,BCH/BTC,BCH,BTC,livecoin,binance,0.12000056000261335,0.0036,3.6e-06,0.1,0.17600661,0.0052801736590746004,5.6364800323063165e-06,0.1067480048240338,-0.4239
2019-09-11T00:00:50.138Z,BCH/BTC,BCH,BTC,livecoin,kucoin,0.12000056000261335,0.0036,3.6e-06,0.1,0.17600661,0.0052801736590746004,5.46064942891671e-06,0.10341798928396873,-0.4272
2019-09-11T00:01:40.086Z,BCH/BTC,BCH,BTC,livecoin,binance,0.12000056000261335,0.0036,3.6e-06,0.1,0.17600661,0.0052801736590746004,7.043124859426832e-06,0.13338812914462372,-0.3973
2019-09-11T00:14:44.530Z,ETH/BTC,ETH,BTC,livecoin,poloniex,0.3360536050870376,0.006,6e-06,0.1,0.7928201800000001,0.014155244901383998,2.953542878272674e-05,0.2086536049958343,-0.5051
2019-09-11T00:14:44.709Z,ETH/BTC,ETH,BTC,livecoin,binance,0.3360536050870376,0.006,6e-06,0.1,0.7928201800000001,0.014155244901383998,3.0091543258355385e-05,0.2125822864104121,-0.254
2019-09-11T00:14:45.709Z,ETH/BTC,ETH,BTC,livecoin,kucoin,0.3360536050870376,0.006,6e-06,0.1,0.7928201800000001,0.014155244901383998,4.208227034576033e-05,0.29729100866100755,-0.4829
2019-09-11T00:18:15.949Z,XEM/BTC,XEM,BTC,poloniex,livecoin,0.2288329519450801,1e-06,1e-09,0.1,372,0.0016256399999999998,1.157626800000013e-05,0.7121052631579028,0.1435
2019-09-11T00:25:05.582Z,ATOM/BTC,ATOM,BTC,poloniex,binance,0.003847041624990382,1e-06,1e-09,0.1,1.5,0.00038991000000000004,5.234250000000268e-07,0.13424251750404625,-0.3667
2019-09-11T00:42:29.945Z,XMR/BTC,XMR,BTC,kucoin,binance,0.13972178636644064,0.001,1e-06,0.1,7.029000000000001,0.050307115180773805,7.035744604543441e-05,0.13985585496725794,-0.338
2019-09-11T00:42:46.976Z,XMR/BTC,XMR,BTC,kucoin,kraken,0.13971457094467274,0.001,1e-06,0.1,18.651,0.13349359249999657,0.00018247314290344304,0.13669056280993241,-0.3592
2019-09-11T00:50:30.507Z,BCH/BTC,BCH,BTC,livecoin,kucoin,0.12000084000588004,0.0036,3.6e-06,0.1,0.17600661,0.0052801613386119,5.648822671839187e-06,0.10698200887407361,-0.4236
2019-09-11T01:16:11.370Z,XEM/BTC,XEM,BTC,poloniex,exmo,0.2288329519450801,1e-06,1e-09,0.1,798.06749838,0.0034875549679205995,1.6164857179687205e-05,0.4635011441647685,-0.1043
2019-09-11T01:23:50.319Z,XEM/BTC,XEM,BTC,poloniex,exmo,0.2288329519450801,1e-06,1e-09,0.1,227.7904328,0.0009954441913359998,2.3405466970201884e-06,0.23512585812358877,-0.332
2019-09-11T01:23:55.674Z,XEM/BTC,XEM,BTC,gateio,exmo,22.831050228310502,0.0001,1.0000000000000001e-07,0.1,726.33586988,0.0031813511100744003,9.021091503909442e-06,0.28356164383561144,-0.0121
2019-09-11T01:27:55.933Z,XEM/BTC,XEM,BTC,poloniex,exmo,0.2288329519450801,1e-06,1e-09,0.1,227.7904328,0.0009954441913359998,2.3405466970201884e-06,0.23512585812358877,-0.332
2019-09-11T01:28:01.067Z,XEM/BTC,XEM,BTC,gateio,exmo,22.831050228310502,0.0001,1.0000000000000001e-07,0.1,706.29291847,0.0030935629828986004,8.772158047397247e-06,0.28356164383561144,-0.0121
2019-09-11T01:52:36.290Z,VET/USDT,VET,USDT,binance,kucoin,256.4102564102564,1,0.001,0.1,1570.8407354,6.12627886806,0.006264827020923021,0.10226153846155056,-0.437
2019-09-11T01:53:40.125Z,VET/USDT,VET,USDT,binance,kucoin,256.4760194921775,1,0.001,0.1,1570.8407354,6.1247080273245995,0.007837238597057955,0.1279610156450417,-0.4113
2019-09-11T01:54:40.529Z,VET/USDT,VET,USDT,binance,kucoin,256.4760194921775,1,0.001,0.1,1570.8407354,6.1247080273246,0.00783723859705726,0.12796101564503032,-0.4113
2019-09-11T01:55:40.817Z,VET/USDT,VET,USDT,binance,kucoin,256.4760194921775,1,0.001,0.1,1570.8407354,6.1247080273246,0.00783723859705726,0.12796101564503032,-0.4113
2019-09-11T02:00:46.009Z,DASH/BTC,DASH,BTC,livecoin,binance,1.5325183524391144,0.0127,1.27e-05,0.1,1.75489381,0.014542828378876101,2.5960295889643393e-05,0.17850926390186594,-0.1023
2019-09-11T02:01:31.536Z,DCR/BTC,DCR,BTC,binance,poloniex,0.44464355945684036,0.001,1e-06,0.1,20.81516298,0.04681314400556484,0.00034919844836667603,0.7459410295646146,0.2859
2019-09-11T02:07:41.059Z,DASH/BTC,DASH,BTC,livecoin,binance,1.5325183524391144,0.0127,1.27e-05,0.1,1.75489381,0.014542828378876101,2.9329727122211874e-05,0.2016782867685779,-0.0902
2019-09-11T02:08:41.222Z,DASH/BTC,DASH,BTC,livecoin,binance,1.5325183524391144,0.0127,1.27e-05,0.1,1.75489381,0.014542828378876101,3.879786812527184e-05,0.2667835108446093,-0.0179
2019-09-11T02:09:40.805Z,DASH/BTC,DASH,BTC,livecoin,binance,1.5325183524391144,0.0127,1.27e-05,0.1,1.75489381,0.014542828378876101,4.100153837267757e-05,0.28193647964816493,-0.0058
2019-09-11T02:10:46.072Z,DASH/BTC,DASH,BTC,livecoin,binance,1.5325183524391144,0.0127,1.27e-05,0.1,1.75489381,0.014542828378876101,4.353924861803086e-05,0.2993863881476655,0.0183
2019-09-11T02:11:41.073Z,DASH/BTC,DASH,BTC,livecoin,binance,1.5325183524391144,0.0127,1.27e-05,0.1,1.75489381,0.014542828378876101,4.874008967786676e-05,0.3351486272688414,0.0545
2019-09-11T02:12:41.105Z,DASH/BTC,DASH,BTC,livecoin,binance,1.5321421348827011,0.0127,1.27e-05,0.1,2.0812561,0.0172516321222532,5.6891488234202085e-05,0.32977452701890564,0.0907
2019-09-11T02:13:41.093Z,DASH/BTC,DASH,BTC,livecoin,binance,1.5321421348827011,0.0127,1.27e-05,0.1,2.0812561,0.0172516321222532,5.731385434191813e-05,0.33222279454932224,0.0907
2019-09-11T02:15:15.883Z,DASH/ETH,DASH,ETH,bittrex,binance,0.022663284672943363,0.01052392,1.052392e-05,0.1,0.26380360999999997,0.12249981092394929,0.000126848225838773,0.10354973194001359,-0.5536
2019-09-11T02:24:51.732Z,XMR/BTC,XMR,BTC,poloniex,binance,0.00013819904532099493,1e-06,1e-09,0.1,0.81891837,0.0059256441902178,7.124712656756331e-06,0.12023524241495942,-0.3536
2019-09-11T02:27:08.022Z,MKR/BTC,MKR,BTC,bittrex,ethfinex,0.11476362897117834,0.00555492,5.55492e-06,0.1,0.19122422,0.009255852692050799,4.553663464067473e-05,0.4919766568863282,0.0901
2019-09-11T02:27:17.630Z,MKR/BTC,MKR,BTC,bittrex,bitfinex,0.11476360617803646,0.00555492,5.55492e-06,0.1,3.64085713,0.17622895238412445,0.0008561916479716432,0.4858405139386013,0.0901
2019-09-11T02:28:41.649Z,MKR/BTC,MKR,BTC,bittrex,ethfinex,0.11476360617803646,0.00555492,5.55492e-06,0.1,3.64085713,0.17622895238412445,0.0008561916479716432,0.4858405139386013,0.0901
2019-09-11T02:29:11.149Z,MKR/BTC,MKR,BTC,bittrex,bitfinex,0.11476360617803646,0.00555492,5.55492e-06,0.1,3.64085713,0.17622895238412445,0.0008561916479716432,0.4858405139386013,0.0901
2019-09-11T02:29:41.532Z,MKR/BTC,MKR,BTC,bittrex,ethfinex,0.11476360617803646,0.00555492,5.55492e-06,0.1,3.64085713,0.17622895238412445,0.0008561916479716432,0.4858405139386013,0.0901
2019-09-11T02:30:14.156Z,MKR/BTC,MKR,BTC,bittrex,bitfinex,0.11476360617803646,0.00555492,5.55492e-06,0.1,3.64085713,0.17622895238412445,0.0008561916479716432,0.4858405139386013,0.0901
2019-09-11T02:30:41.530Z,MKR/BTC,MKR,BTC,bittrex,ethfinex,0.11476360617803646,0.00555492,5.55492e-06,0.1,3.64085713,0.17622895238412445,0.0008561916479716432,0.4858405139386013,0.0901
2019-09-11T02:31:12.672Z,MKR/BTC,MKR,BTC,bittrex,bitfinex,0.11476360617803646,0.00555492,5.55492e-06,0.1,3.64085713,0.17622895238412445,0.0008561916479716432,0.4858405139386013,0.0901
2019-09-11T02:31:41.540Z,MKR/BTC,MKR,BTC,bittrex,ethfinex,0.11476360617803646,0.00555492,5.55492e-06,0.1,3.64085713,0.17622895238412445,0.0008561916479716432,0.4858405139386013,0.0901
2019-09-11T02:32:19.376Z,MKR/BTC,MKR,BTC,bittrex,bitfinex,0.11476360617803646,0.00555492,5.55492e-06,0.1,3.64085713,0.17622895238412445,0.0008561916479716432,0.4858405139386013,0.0901
2019-09-11T02:33:41.714Z,MKR/BTC,MKR,BTC,bittrex,ethfinex,0.11476360617803646,0.00555492,5.55492e-06,0.1,4.94532422,0.23936926810705075,0.0008744442634825725,0.365311834053611,0.0901
2019-09-11T02:34:12.705Z,MKR/BTC,MKR,BTC,bittrex,bitfinex,0.11476360617803646,0.00555492,5.55492e-06,0.1,4.94532422,0.23936926810705075,0.0008744442634825725,0.365311834053611,-0.2801
2019-09-11T02:34:41.603Z,MKR/BTC,MKR,BTC,bittrex,ethfinex,0.11476360535621435,0.00555492,5.55492e-06,0.1,4.773222430000001,0.23103900107143022,0.0012201885504307779,0.5281309842806725,-0.2801
2019-09-11T02:35:17.904Z,MKR/BTC,MKR,BTC,bittrex,bitfinex,0.11476360526122782,0.00555492,5.55492e-06,0.1,4.2704936,0.20670534229484,0.0011021380630869097,0.5331928293923066,-0.0333
2019-09-11T02:35:41.661Z,MKR/BTC,MKR,BTC,bittrex,ethfinex,0.11476360526122782,0.00555492,5.55492e-06,0.1,4.01912918,0.194538512568917,0.0010372653994239166,0.5331928293923066,0.1312
2019-09-11T02:36:13.232Z,MKR/BTC,MKR,BTC,bittrex,bitfinex,0.11476360526122782,0.00555492,5.55492e-06,0.1,3.89344697,0.18845509770595548,0.00100482906759242,0.5331928293923066,-0.0333
2019-09-11T02:36:41.735Z,MKR/BTC,MKR,BTC,bittrex,ethfinex,0.11476360526122782,0.00555492,5.55492e-06,0.1,3.78033298,0.182980024280887,0.000975636368685991,0.5331928293923066,0.1312
2019-09-11T02:37:13.245Z,MKR/BTC,MKR,BTC,bittrex,bitfinex,0.11476360526122782,0.00555492,5.55492e-06,0.1,3.78033298,0.182980024280887,0.000975636368685991,0.5331928293923066,0.1312
2019-09-11T02:37:41.748Z,MKR/BTC,MKR,BTC,bittrex,ethfinex,0.11476360526122782,0.00555492,5.55492e-06,0.1,3.78033298,0.182980024280887,0.000975636368685991,0.5331928293923066,0.1312
2019-09-11T02:39:36.099Z,XTZ/USDT,XTZ,USDT,gateio,kucoin,9.870693909781859e-05,0.0001,1.0000000000000001e-07,0.1,3.6023,3.6494901299999998,0.006253304616000161,0.17134734971868965,-0.3396
2019-09-11T02:39:40.975Z,DCR/BTC,DCR,BTC,binance,poloniex,0.4481502783041923,0.001,1e-06,0.1,0.7339649699999999,0.0016377652888609933,2.8862574736061914e-06,0.17623144740193386,-0.2501
2019-09-11T02:46:35.599Z,BNB/BTC,BNB,BTC,kucoin,binance,0.46614309649076074,0.001,1e-06,0.1,99.3403,0.21311116854,0.00032497025088247007,0.15248860634982375,-0.3018
2019-09-11T02:47:41.019Z,DCR/BTC,DCR,BTC,binance,poloniex,0.44826341335660014,0.001,1e-06,0.1,0.52804874,0.001177987594494868,2.6889611271415732e-06,0.22826735525127706,-0.2501
2019-09-11T02:51:11.967Z,DCR/BTC,DCR,BTC,binance,poloniex,0.4482630070313404,0.001,1e-06,0.1,0.47635345,0.0010626650928763695,2.498202285930117e-06,0.23508839263441939,-0.2047
2019-09-11T02:52:11.970Z,DCR/BTC,DCR,BTC,binance,poloniex,0.44802366677569233,0.001,1e-06,0.1,0.48395096,0.0010801906146674502,1.9635235517862904e-06,0.18177565377114346,-0.3395
2019-09-11T02:52:41.740Z,MKR/BTC,MKR,BTC,bittrex,ethfinex,0.11476360526122782,0.00555492,5.55492e-06,0.1,0.477,0.02308830255,3.7892939625003085e-05,0.16412180818811684,-0.2801
2019-09-11T02:52:46.369Z,MKR/BTC,MKR,BTC,bittrex,kucoin,0.11476360526122782,0.00555492,5.55492e-06,0.1,0.3852,0.01864489338,0.00011824181054999928,0.6341779925480018,0.132
2019-09-11T02:53:12.871Z,MKR/BTC,MKR,BTC,bittrex,bitfinex,0.11476360526122782,0.00555492,5.55492e-06,0.1,0.477,0.02308830255,3.7892939625003085e-05,0.16412180818811684,-0.2369
2019-09-11T02:53:41.772Z,MKR/BTC,MKR,BTC,bittrex,ethfinex,0.11476360526122782,0.00555492,5.55492e-06,0.1,0.477,0.02308830255,3.7892939625003085e-05,0.16412180818811684,-0.2369
2019-09-11T02:54:13.390Z,MKR/BTC,MKR,BTC,bittrex,bitfinex,0.11476360526122782,0.00555492,5.55492e-06,0.1,0.477,0.02308830255,3.7892939625003085e-05,0.16412180818811684,-0.2369
2019-09-11T02:54:41.778Z,MKR/BTC,MKR,BTC,bittrex,ethfinex,0.11476360526122781,0.00555492,5.55492e-06,0.1,0.477,0.023088302550000002,3.789293962499668e-05,0.16412180818808908,-0.2369
2019-09-11T02:55:12.006Z,DCR/BTC,DCR,BTC,binance,poloniex,0.4481517317881708,0.001,1e-06,0.1,0.47459245,0.0010589994779364748,2.2267988231114633e-06,0.2102738357766254,-0.2497
2019-09-11T02:55:12.891Z,MKR/BTC,MKR,BTC,bittrex,bitfinex,0.11476360526122781,0.00555492,5.55492e-06,0.1,0.477,0.023088302550000002,3.789293962499668e-05,0.16412180818808908,-0.2369
2019-09-11T02:55:41.784Z,MKR/BTC,MKR,BTC,bittrex,ethfinex,0.11476360526122781,0.00555492,5.55492e-06,0.1,0.477,0.023088302550000002,3.789293962499668e-05,0.16412180818808908,-0.2369
2019-09-11T02:56:13.395Z,MKR/BTC,MKR,BTC,bittrex,bitfinex,0.11476360526122781,0.00555492,5.55492e-06,0.1,0.477,0.023088302550000002,3.789293962499668e-05,0.16412180818808908,-0.2369
2019-09-11T02:56:41.903Z,MKR/BTC,MKR,BTC,bittrex,ethfinex,0.11476360526122781,0.00555492,5.55492e-06,0.1,0.477,0.023088302550000002,3.789293962499668e-05,0.16412180818808908,-0.2369
2019-09-11T02:57:12.898Z,MKR/BTC,MKR,BTC,bittrex,bitfinex,0.11476360526122781,0.00555492,5.55492e-06,0.1,0.477,0.023088302550000002,3.789293962499668e-05,0.16412180818808908,-0.2369
2019-09-11T02:57:41.904Z,MKR/BTC,MKR,BTC,bittrex,ethfinex,0.11476360526122781,0.00555492,5.55492e-06,0.1,0.477,0.023088302550000002,3.789293962499668e-05,0.16412180818808908,-0.2369
2019-09-11T02:58:12.019Z,DCR/BTC,DCR,BTC,binance,poloniex,0.4480885552103048,0.001,1e-06,0.1,0.62507755,0.0013949866443400405,2.184014083910667e-06,0.1565616482976373,-0.1601
2019-09-11T02:58:18.637Z,MKR/BTC,MKR,BTC,bittrex,bitfinex,0.11476360526122781,0.00555492,5.55492e-06,0.1,0.477,0.023088302550000002,3.789293962499668e-05,0.16412180818808908,-0.2369
2019-09-11T02:58:31.398Z,MKR/ETH,MKR,ETH,bittrex,kucoin,0.0007753267256485281,0.00211199,2.11199e-06,0.1,1.03,2.805719999114453,0.0065266178877611,0.23261829012948707,0.0356
2019-09-11T02:58:41.776Z,MKR/BTC,MKR,BTC,bittrex,ethfinex,0.11476360526122781,0.00555492,5.55492e-06,0.1,0.477,0.023088302550000002,3.789293962499668e-05,0.16412180818808908,-0.2369
2019-09-11T02:58:43.411Z,MKR/BTC,MKR,BTC,bittrex,kucoin,0.11476360526122781,0.00555492,5.55492e-06,0.1,0.72751603,0.0352140675274945,4.8890623187555814e-05,0.13883832973678178,-0.3621
2019-09-11T02:59:11.998Z,DCR/BTC,DCR,BTC,binance,poloniex,0.44788389871382506,0.001,1e-06,0.1,0.72317495,0.0016146482427180798,1.8761436425380892e-06,0.11619519303968096,-0.1596
2019-09-11T02:59:12.909Z,MKR/BTC,MKR,BTC,bittrex,bitfinex,0.11476360526122781,0.00555492,5.55492e-06,0.1,0.477,0.023088302550000002,3.789293962499668e-05,0.16412180818808908,-0.2369
2019-09-11T02:59:41.799Z,MKR/BTC,MKR,BTC,bittrex,ethfinex,0.11476360526122781,0.00555492,5.55492e-06,0.1,0.36375802,0.017607034005763002,2.889698257854997e-05,0.16412180818808908,-0.2369
2019-09-11T02:59:42.737Z,MKR/BTC,MKR,BTC,bittrex,kucoin,0.11476360526122781,0.00555492,5.55492e-06,0.1,0.36375802,0.017607034005763002,2.4445311929788535e-05,0.13883832973678178,-0.3621
2019-09-11T02:59:44.917Z,MKR/ETH,MKR,ETH,bittrex,kucoin,0.0007753267256485281,0.00211199,2.11199e-06,0.1,1.2417,3.3823907989324424,0.007048577420225937,0.2083903912714824,0.0356
2019-09-11T03:00:11.117Z,DCR/BTC,DCR,BTC,binance,poloniex,0.4481343686171757,0.001,1e-06,0.1,0.6248413500000001,0.001394316958835573,2.325680404642264e-06,0.166797110936992,-0.2051
2019-09-11T03:00:44.863Z,MKR/ETH,MKR,ETH,bittrex,kucoin,0.0007753267282500981,0.00211199,2.11199e-06,0.1,0.60065286,1.6361783846334712,0.0038742169685449927,0.23678450986338362,0.0356
2019-09-11T03:01:38.533Z,MKR/ETH,MKR,ETH,bittrex,kucoin,0.0007753267282500981,0.00211199,2.11199e-06,0.1,0.60065286,1.6361783846334712,0.0038742169685449927,0.23678450986338362,0.0356
2019-09-11T03:02:41.919Z,MKR/ETH,MKR,ETH,bittrex,kucoin,0.0007753267282500981,0.00211199,2.11199e-06,0.1,0.60065286,1.6361783846334712,0.0038742169685449927,0.23678450986338362,0.0356
2019-09-11T03:03:43.433Z,MKR/ETH,MKR,ETH,bittrex,kucoin,0.0007753267282500981,0.00211199,2.11199e-06,0.1,0.60065286,1.6361783846334712,0.0038742169685449927,0.23678450986338362,0.0356
2019-09-11T03:03:46.068Z,DCR/BTC,DCR,BTC,binance,poloniex,0.4486315857539302,0.001,1e-06,0.1,0.48470632,0.001080410598343061,3.434049885171713e-06,0.3178467418255837,-0.2047
2019-09-11T03:04:42.931Z,MKR/ETH,MKR,ETH,bittrex,kucoin,0.0007753267256485281,0.00211199,2.11199e-06,0.1,0.9939,2.7073835991454898,0.006411844666645753,0.23682808260600655,0.0392
2019-09-11T03:05:43.446Z,MKR/ETH,MKR,ETH,bittrex,kucoin,0.0007753267282500981,0.00211199,2.11199e-06,0.1,0.60065286,1.6361783846334712,0.0038742169685449927,0.23678450986338362,0.0356
2019-09-11T03:06:42.946Z,MKR/ETH,MKR,ETH,bittrex,kucoin,0.0007753267282500981,0.00211199,2.11199e-06,0.1,0.60065286,1.6361783846334712,0.0038742169685449927,0.23678450986338362,0.0356
2019-09-11T03:07:42.964Z,MKR/ETH,MKR,ETH,bittrex,kucoin,0.0007753267282500981,0.00211199,2.11199e-06,0.1,0.60065286,1.6361783846334712,0.0038742169685449927,0.23678450986338362,0.0356
2019-09-11T03:08:12.079Z,DCR/BTC,DCR,BTC,binance,poloniex,0.4481570120401771,0.001,1e-06,0.1,0.51811171,0.0011560941725342268,2.3623103697836576e-06,0.20433546210213427,-0.1601
2019-09-11T03:08:42.966Z,MKR/ETH,MKR,ETH,bittrex,kucoin,0.0007753267256485281,0.00211199,2.11199e-06,0.1,1.0907,2.9710667990622657,0.007045875070078492,0.23714966867464327,0.0392
2019-09-11T03:09:43.533Z,MKR/ETH,MKR,ETH,bittrex,kucoin,0.0007753267282500981,0.00211199,2.11199e-06,0.1,0.60065286,1.6361783846334712,0.0038742169685449927,0.23678450986338362,0.0356
2019-09-11T03:10:42.982Z,MKR/ETH,MKR,ETH,bittrex,kucoin,0.0007753267282500981,0.00211199,2.11199e-06,0.1,0.60065286,1.6361783846334712,0.0038742169685449927,0.23678450986338362,0.0356
2019-09-11T03:11:11.103Z,DCR/BTC,DCR,BTC,binance,poloniex,0.44853440780853426,0.001,1e-06,0.1,0.71550137,0.0015951984007109346,4.168794052355469e-06,0.2613338911634788,-0.1601
2019-09-11T03:11:42.995Z,MKR/ETH,MKR,ETH,bittrex,kucoin,0.0007753267256485281,0.00211199,2.11199e-06,0.1,1.0171,2.770580399125543,0.006563802366642689,0.23691073425316844,0.0392
2019-09-11T03:12:12.092Z,DCR/BTC,DCR,BTC,binance,poloniex,0.4485129145800642,0.001,1e-06,0.1,0.61711531,0.0013759142489303694,3.4537083488891646e-06,0.25101188911838546,-0.1601
2019-09-11T03:12:42.008Z,MKR/ETH,MKR,ETH,bittrex,kucoin,0.0007753267256485281,0.00211199,2.11199e-06,0.1,1.035,2.8193399991101535,0.006681045592070828,0.23697197195724937,0.0392
2019-09-11T03:13:43.518Z,MKR/ETH,MKR,ETH,bittrex,kucoin,0.0007753267256485281,0.00211199,2.11199e-06,0.1,1.1151,3.0375323990412872,0.0072056926511091255,0.2372219191269664,0.0392
2019-09-11T03:13:46.101Z,ATOM/BTC,ATOM,BTC,poloniex,kucoin,0.003874767513949163,1e-06,1e-09,0.1,1.46058823,0.00037694861039839995,5.629545214888609e-07,0.14934516429013223,-0.3517
2019-09-11T03:14:12.105Z,DCR/BTC,DCR,BTC,binance,poloniex,0.44887167352656715,0.001,1e-06,0.1,0.6167221199999999,0.0013739386028855712,4.551248852194168e-06,0.331255621076193,-0.115
2019-09-11T03:14:43.013Z,MKR/ETH,MKR,ETH,bittrex,kucoin,0.0007753267282500981,0.00211199,2.11199e-06,0.1,0.60065286,1.6361783846334712,0.0038742169685449927,0.23678450986338362,0.0356
2019-09-11T03:15:12.148Z,DCR/BTC,DCR,BTC,binance,poloniex,0.44886117606570874,0.001,1e-06,0.1,0.71369361,0.0015900096690374542,5.317354100969939e-06,0.33442275254771947,-0.1146
2019-09-11T03:15:43.533Z,MKR/ETH,MKR,ETH,bittrex,kucoin,0.0007753267256485281,0.00211199,2.11199e-06,0.1,1.0373999999999999,2.82587759910809,0.006702299814139475,0.2371758711790939,0.0356
2019-09-11T03:16:12.222Z,DCR/BTC,DCR,BTC,binance,poloniex,0.44891926830109624,0.001,1e-06,0.1,0.61531325,0.001370654577444649,4.685070227083568e-06,0.3418126130522309,-0.115
2019-09-11T03:16:43.546Z,MKR/ETH,MKR,ETH,bittrex,kucoin,0.0007753267256485281,0.00211199,2.11199e-06,0.1,1.0373999999999999,2.82587759910809,0.006702299814139475,0.2371758711790939,0.0429
2019-09-11T03:17:43.046Z,MKR/ETH,MKR,ETH,bittrex,kucoin,0.0007753267256485281,0.00211199,2.11199e-06,0.1,1.0373999999999999,2.82587759910809,0.006702299814139475,0.2371758711790939,0.0429
2019-09-11T03:18:45.062Z,MKR/ETH,MKR,ETH,bittrex,kucoin,0.0007753267256485281,0.00211199,2.11199e-06,0.1,0.2565,0.6987059997794729,0.001742367191078334,0.24937057812989494,0.0539
2019-09-11T03:19:45.071Z,MKR/ETH,MKR,ETH,bittrex,kucoin,0.0007753267256485281,0.00211199,2.11199e-06,0.1,1.0373999999999999,2.82587759910809,0.0067189031941395335,0.2377634189202027,0.0539
2019-09-11T03:20:44.566Z,MKR/ETH,MKR,ETH,bittrex,kucoin,0.0007753267256485281,0.00211199,2.11199e-06,0.1,0.09129999999999999,0.24870119992150438,0.0006602136786918311,0.26546461331919957,0.0685
2019-09-11T03:21:44.578Z,MKR/ETH,MKR,ETH,bittrex,kucoin,0.0007753267256485281,0.00211199,2.11199e-06,0.1,1.0373999999999999,2.82587759910809,0.006741041034139279,0.23854681590833593,0.0685
2019-09-11T03:22:44.588Z,MKR/ETH,MKR,ETH,bittrex,kucoin,0.0007753267256485281,0.00211199,2.11199e-06,0.1,0.7777000000000001,2.118454799331369,0.010382334130303006,0.4900899529968683,0.2916
2019-09-11T03:23:48.216Z,MKR/ETH,MKR,ETH,bittrex,kucoin,0.0007752135308023515,0.00211199,2.11199e-06,0.1,1.1153,3.0385208118878397,0.007826735232440919,0.2575837296167194,0.3392
2019-09-11T03:24:43.610Z,MKR/ETH,MKR,ETH,bittrex,kucoin,0.0007753267256485281,0.00211199,2.11199e-06,0.1,0.9929,2.7046595991463493,0.006405294765784548,0.236824433204319,0.0392
2019-09-11T03:25:43.621Z,MKR/ETH,MKR,ETH,bittrex,kucoin,0.0007753267256485281,0.00211199,2.11199e-06,0.1,0.9911,2.6997563991478972,0.006393504944232887,0.23681784572307404,0.0392
2019-09-11T03:26:43.639Z,MKR/ETH,MKR,ETH,bittrex,kucoin,0.0007753267256485281,0.00211199,2.11199e-06,0.1,0.9911,2.6997563991478972,0.006393504944232887,0.23681784572307404,0.0392
2019-09-11T03:27:43.128Z,MKR/ETH,MKR,ETH,bittrex,kucoin,0.0007753267256485281,0.00211199,2.11199e-06,0.1,0.9911,2.6997563991478972,0.006393504944232887,0.23681784572307404,0.0392
2019-09-11T03:28:42.147Z,MKR/ETH,MKR,ETH,bittrex,kucoin,0.0007752135308023515,0.00211199,2.11199e-06,0.1,1.0582,2.8829577002956266,0.00641975112363439,0.22267933806229936,0.0465
2019-09-11T03:29:43.651Z,MKR/ETH,MKR,ETH,bittrex,kucoin,0.0007753267256485281,0.00211199,2.11199e-06,0.1,0.9929,2.7046595991463493,0.006407472585784409,0.23690495424292024,0.0465
2019-09-11T03:30:46.651Z,MKR/ETH,MKR,ETH,bittrex,kucoin,0.0007753267256485281,0.00211199,2.11199e-06,0.1,1.0184,2.7741215991244257,0.006586862677763289,0.23743958014826202,0.0539
2019-09-11T03:31:47.165Z,MKR/ETH,MKR,ETH,bittrex,kucoin,0.0007753267256485281,0.00211199,2.11199e-06,0.1,1.0184,2.7741215991244257,0.006586862677763289,0.23743958014826202,0.0539
2019-09-11T03:32:13.137Z,DCR/BTC,DCR,BTC,binance,poloniex,0.44996756435645263,0.001,1e-06,0.1,0.7553797,0.001678742557989375,1.9498896243359725e-06,0.11615179558391309,0.1562
2019-09-11T03:32:43.675Z,MKR/ETH,MKR,ETH,bittrex,kucoin,0.0007753267256485281,0.00211199,2.11199e-06,0.1,0.06259999999999999,0.17052239994617932,0.0004436601239551933,0.260177034861826,0.0612
2019-09-11T03:33:13.254Z,DCR/BTC,DCR,BTC,binance,poloniex,0.44996756435645263,0.001,1e-06,0.1,0.8578890400000001,0.0019065575120441407,3.4061592961120953e-06,0.1786549461316872,0.1562
2019-09-11T03:33:48.687Z,MKR/ETH,MKR,ETH,bittrex,kucoin,0.0007753267256485281,0.00211199,2.11199e-06,0.1,1.0057,2.7395267991353447,0.006503339276816959,0.237389146142668,0.0612
2019-09-11T03:34:13.620Z,DCR/BTC,DCR,BTC,binance,poloniex,0.44996551572869986,0.001,1e-06,0.1,0.85784864,0.0019064764076659319,3.3969170466193025e-06,0.1781777646426841,0.1562
2019-09-11T03:34:43.175Z,MKR/ETH,MKR,ETH,bittrex,kucoin,0.0007753267256485281,0.00211199,2.11199e-06,0.1,0.0388,0.10569119996664152,0.00028489536344185985,0.2695544790216964,0.0685
2019-09-11T03:35:13.282Z,DCR/BTC,DCR,BTC,binance,poloniex,0.4499403441331013,0.001,1e-06,0.1,0.75957851,0.001688176043567459,1.9565471748643116e-06,0.1158971057739766,0.1562
2019-09-11T03:35:47.189Z,MKR/ETH,MKR,ETH,bittrex,kucoin,0.0007753267256485281,0.00211199,2.11199e-06,0.1,1.0183,2.7738491991245118,0.006600673207676192,0.23796078062785497,0.0685
2019-09-11T03:36:14.228Z,DCR/BTC,DCR,BTC,binance,poloniex,0.4499403441331013,0.001,1e-06,0.1,0.75957851,0.001688176043567459,1.9565471748643116e-06,0.1158971057739766,0.1562
2019-09-11T03:36:43.689Z,MKR/ETH,MKR,ETH,bittrex,kucoin,0.0007753267256485281,0.00211199,2.11199e-06,0.1,1.0183,2.7738491991245118,0.006600673207676192,0.23796078062785497,0.0685
2019-09-11T03:37:43.689Z,MKR/ETH,MKR,ETH,bittrex,kucoin,0.0007753267256485281,0.00211199,2.11199e-06,0.1,0.0214,0.058293599981601246,0.0001597682584447485,0.27407512744996865,0.0758
2019-09-11T03:38:43.194Z,MKR/ETH,MKR,ETH,bittrex,kucoin,0.0007753267256485281,0.00211199,2.11199e-06,0.1,0.9856,2.6847743991526256,0.006361076889491768,0.23693152361328626,0.0758
2019-09-11T03:39:12.307Z,DCR/BTC,DCR,BTC,binance,poloniex,0.45024763619991,0.001,1e-06,0.1,0.54942831,0.00122028027651,1.2753329931720326e-06,0.10451148131472576,-0.4179
2019-09-11T03:39:44.707Z,MKR/ETH,MKR,ETH,bittrex,kucoin,0.0007753267256485281,0.00211199,2.11199e-06,0.1,0.9856,2.6847743991526256,0.006361076889491768,0.23693152361328626,0.0758
2019-09-11T03:40:11.307Z,DCR/BTC,DCR,BTC,binance,poloniex,0.4499108859003549,0.001,1e-06,0.1,0.8486112100000001,0.0018861762108773432,4.324693794861289e-06,0.2292836570581963,0.1562
2019-09-11T03:40:45.221Z,MKR/ETH,MKR,ETH,bittrex,kucoin,0.0007749170284903989,0.00211199,2.11199e-06,0.1,0.015899999999999997,0.04333449874681138,0.0005415066363216006,1.2495970923430733,1.1733
2019-09-11T03:41:12.392Z,DCR/BTC,DCR,BTC,binance,poloniex,0.449908142560234,0.001,1e-06,0.1,0.75023085,0.0016675200536064062,2.9937439553972336e-06,0.17953271080144162,0.1562
2019-09-11T03:41:43.218Z,MKR/ETH,MKR,ETH,bittrex,kucoin,0.0007752135308023515,0.00211199,2.11199e-06,0.1,0.0093,0.025336899085947197,0.0003432593963379411,1.3547806113666283,1.1733
2019-09-11T03:42:16.716Z,DCR/BTC,DCR,BTC,binance,poloniex,0.449908142560234,0.001,1e-06,0.1,0.75023085,0.0016675200536064062,2.9937439553972336e-06,0.17953271080144162,0.1562
2019-09-11T03:42:45.239Z,MKR/ETH,MKR,ETH,bittrex,kucoin,0.0007752135308023515,0.00211199,2.11199e-06,0.1,0.0093,0.025336899085947197,0.0003432593963379411,1.3547806113666283,1.1733
2019-09-11T03:43:12.362Z,DCR/BTC,DCR,BTC,binance,poloniex,0.449908142560234,0.001,1e-06,0.1,0.65181009,0.0014487625991626398,1.6737648538558777e-06,0.11553065042010924,0.1562
2019-09-11T03:43:45.248Z,MKR/ETH,MKR,ETH,bittrex,kucoin,0.0007752135308023515,0.00211199,2.11199e-06,0.1,0.0093,0.025336899085947197,0.0003432593963379411,1.3547806113666283,1.1733
2019-09-11T03:44:12.877Z,DCR/BTC,DCR,BTC,binance,poloniex,0.44985664111608903,0.001,1e-06,0.1,0.65079441,0.0014466706735403235,1.4943754978585356e-06,0.10329755936791529,0.1562
2019-09-11T03:44:45.261Z,MKR/ETH,MKR,ETH,bittrex,kucoin,0.0007752135308023515,0.00211199,2.11199e-06,0.1,0.0027,0.007355873928178219,6.813653700133501e-05,0.9262874495486351,1.1696
2019-09-11T03:45:45.267Z,MKR/ETH,MKR,ETH,bittrex,kucoin,0.0007752135308023515,0.00211199,2.11199e-06,0.1,0.0027,0.007355873928178219,6.813653700133501e-05,0.9262874495486351,1.1696
2019-09-11T03:46:12.373Z,DCR/BTC,DCR,BTC,binance,poloniex,0.44985448554699436,0.001,1e-06,0.1,0.75330375,0.0016745498248928888,2.8863836745371124e-06,0.1723677391756162,0.1562
2019-09-11T03:46:47.302Z,MKR/ETH,MKR,ETH,bittrex,kucoin,0.0007752135308023515,0.00211199,2.11199e-06,0.1,0.0027,0.007355873928178219,6.813653700133501e-05,0.9262874495486351,1.1696
2019-09-11T03:47:12.371Z,DCR/BTC,DCR,BTC,binance,poloniex,0.44985448554699436,0.001,1e-06,0.1,0.65492339,0.0014558560846707016,1.5930543692745234e-06,0.10942389059251378,0.1562
2019-09-11T03:47:44.780Z,MKR/ETH,MKR,ETH,bittrex,kucoin,0.0007752135308023515,0.00211199,2.11199e-06,0.1,0.0027,0.007355873928178219,6.813653700133501e-05,0.9262874495486351,1.1696
2019-09-11T03:48:44.794Z,MKR/ETH,MKR,ETH,bittrex,kucoin,0.0007752135308023515,0.00211199,2.11199e-06,0.1,0.0027,0.007355873928178219,6.813653700133501e-05,0.9262874495486351,1.1696
2019-09-11T03:49:12.470Z,DCR/BTC,DCR,BTC,binance,poloniex,0.44985448554699436,0.001,1e-06,0.1,0.54133597,0.00120335794660749,1.549578144225187e-06,0.12877117308227048,0.1562
2019-09-11T03:49:45.302Z,MKR/ETH,MKR,ETH,bittrex,kucoin,0.0007752135308023515,0.00211199,2.11199e-06,0.1,0.0027,0.007355873928178219,6.813653700133501e-05,0.9262874495486351,1.1696
2019-09-11T03:50:44.805Z,MKR/ETH,MKR,ETH,bittrex,kucoin,0.0007752135308023515,0.00211199,2.11199e-06,0.1,0.0027,0.007355873928178219,6.813653700133501e-05,0.9262874495486351,1.1696
2019-09-11T03:51:12.404Z,DCR/BTC,DCR,BTC,binance,poloniex,0.45044270623974975,0.001,1e-06,0.1,0.91637828,0.002034394757215259,3.0698458787215124e-06,0.15089725668206155,0.247
2019-09-11T03:51:43.851Z,MKR/ETH,MKR,ETH,bittrex,kucoin,0.0007752135308023515,0.00211199,2.11199e-06,0.1,0.0027,0.007355873928178219,6.813653700133501e-05,0.9262874495486351,1.1696
2019-09-11T03:52:43.839Z,MKR/ETH,MKR,ETH,bittrex,kucoin,0.0007752135308023515,0.00211199,2.11199e-06,0.1,0.0027,0.007355873928178219,6.813653700133501e-05,0.9262874495486351,1.1696
2019-09-11T03:53:45.350Z,MKR/ETH,MKR,ETH,bittrex,kucoin,0.0007749170284903989,0.00211199,2.11199e-06,0.1,0.09609999999999999,0.2619148006017971,0.0005398196166984243,0.20610504463974164,1.1184
2019-09-11T03:54:43.856Z,MKR/ETH,MKR,ETH,bittrex,kucoin,0.0007752135308023515,0.00211199,2.11199e-06,0.1,0.0026999999999999997,0.007355873928178218,6.572894700133684e-05,0.8935572801152601,1.1184
2019-09-11T03:55:11.877Z,DCR/BTC,DCR,BTC,binance,exmo,0.45248868778280543,0.001,1e-06,0.1,0.56859008,0.0012565840768,1.904776768000049e-06,0.15158371040724372,-0.3708
2019-09-11T03:55:47.367Z,MKR/ETH,MKR,ETH,bittrex,kucoin,0.0007749170284903989,0.00211199,2.11199e-06,0.1,0.0519,0.141450344966007,0.0003141288115779979,0.22207709118948318,1.1184
2019-09-11T03:56:11.884Z,DCR/BTC,DCR,BTC,binance,exmo,0.45248868778280543,0.001,1e-06,0.1,0.56859008,0.0012565840768,1.904776768000049e-06,0.15158371040724372,-0.3708
2019-09-11T03:56:43.359Z,MKR/ETH,MKR,ETH,bittrex,kucoin,0.0007749170284903989,0.00211199,2.11199e-06,0.1,0.0519,0.141450344966007,0.0003141288115779979,0.22207709118948318,1.1184
2019-09-11T03:57:11.948Z,DCR/BTC,DCR,BTC,binance,exmo,0.45248868778280543,0.001,1e-06,0.1,0.56859008,0.0012565840768,1.904776768000049e-06,0.15158371040724372,-0.3708
2019-09-11T03:57:43.906Z,MKR/ETH,MKR,ETH,bittrex,kucoin,0.0007749170284903989,0.00211199,2.11199e-06,0.1,0.9847,2.683740938112275,0.004979022102443996,0.18552543696509716,1.1184
2019-09-11T03:58:07.557Z,DCR/BTC,DCR,BTC,binance,exmo,0.4523257609185108,0.001,1e-06,0.1,1.07152477,0.002368922715841165,2.7408001524004943e-06,0.11569816668448307,-0.3704
2019-09-11T03:58:43.884Z,MKR/ETH,MKR,ETH,bittrex,kucoin,0.0007749170284903989,0.00211199,2.11199e-06,0.1,0.0043,0.011719392742848363,7.107717529451732e-05,0.6064919646787281,1.1184
2019-09-11T03:59:16.549Z,DCR/BTC,DCR,BTC,binance,exmo,0.452275044730602,0.001,1e-06,0.1,1.07152477,0.0023691883566962103,2.4748936565000803e-06,0.1044616671994486,-0.3704
2019-09-11T03:59:42.399Z,MKR/ETH,MKR,ETH,bittrex,kucoin,0.0007749170284903989,0.00211199,2.11199e-06,0.1,0.0043,0.011719392742848363,7.107717529451732e-05,0.6064919646787281,1.1184
2019-09-11T04:00:11.641Z,DCR/BTC,DCR,BTC,binance,exmo,0.45248868778280543,0.001,1e-06,0.1,0.50293469,0.0011114856649,1.6898504997061407e-06,0.15203529411764172,-0.3704
2019-09-11T04:00:46.892Z,MKR/ETH,MKR,ETH,bittrex,kucoin,0.0007749170284903989,0.00211199,2.11199e-06,0.1,0.0875,0.2384760151161004,0.0004959069261093326,0.20794834477081636,1.1184
2019-09-11T04:01:11.971Z,DCR/BTC,DCR,BTC,binance,exmo,0.45248868778280543,0.001,1e-06,0.1,0.56859008,0.0012565840768,1.904776768000049e-06,0.15158371040724372,-0.3708
2019-09-11T04:01:43.911Z,MKR/ETH,MKR,ETH,bittrex,kucoin,0.0007749170284903989,0.00211199,2.11199e-06,0.1,0.0875,0.2384760151161004,0.0004959069261093326,0.20794834477081636,1.1184
2019-09-11T04:02:11.871Z,DCR/BTC,DCR,BTC,binance,exmo,0.4529643027990406,0.001,1e-06,0.1,1.3401244399999999,0.002958565237302047,7.610001659963838e-06,0.25721932928893243,-0.2342
2019-09-11T04:02:12.499Z,DCR/BTC,DCR,BTC,binance,poloniex,0.4529643027990406,0.001,1e-06,0.1,1.26128241,0.002784507304893677,5.806201319313819e-06,0.2085180853758084,-0.2673
2019-09-11T04:02:43.915Z,MKR/ETH,MKR,ETH,bittrex,kucoin,0.0007749170284903989,0.00211199,2.11199e-06,0.1,0.9847,2.683740938112275,0.004979022102443996,0.18552543696509716,1.1184
2019-09-11T04:03:12.044Z,DCR/BTC,DCR,BTC,binance,exmo,0.4532389392400591,0.001,1e-06,0.1,1.3401244399999999,0.002956772518810878,9.404512869624775e-06,0.3180668384122759,-0.1433
2019-09-11T04:03:43.407Z,MKR/ETH,MKR,ETH,bittrex,kucoin,0.0007749170284903989,0.00211199,2.11199e-06,0.1,0.9847,2.683740938112275,0.004979022102443996,0.18552543696509716,1.1184
2019-09-11T04:04:12.252Z,DCR/BTC,DCR,BTC,binance,exmo,0.45315687103156455,0.001,1e-06,0.1,1.3401244399999999,0.002957308000095741,8.868496103476244e-06,0.29988408725736826,-0.1433
2019-09-11T04:04:43.922Z,MKR/ETH,MKR,ETH,bittrex,kucoin,0.0007749170284903989,0.00211199,2.11199e-06,0.1,0.0773,0.21067652535399498,0.00044382443262002574,0.21066629605471118,1.1184
2019-09-11T04:05:11.927Z,DCR/BTC,DCR,BTC,binance,exmo,0.45315687103156455,0.001,1e-06,0.1,1.3401244399999999,0.002957308000095741,8.868496103476244e-06,0.29988408725736826,-0.1433
2019-09-11T04:05:43.947Z,MKR/ETH,MKR,ETH,bittrex,kucoin,0.0007749170284903989,0.00211199,2.11199e-06,0.1,0.9847,2.683740938112275,0.004979022102443996,0.18552543696509716,1.1184
2019-09-11T04:06:11.960Z,DCR/BTC,DCR,BTC,binance,exmo,0.4529643027990406,0.001,1e-06,0.1,1.3401244399999999,0.002958565237302047,7.610001659963838e-06,0.25721932928893243,-0.2342
2019-09-11T04:06:43.945Z,MKR/ETH,MKR,ETH,bittrex,kucoin,0.0007749170284903989,0.00211199,2.11199e-06,0.1,0.9847,2.683740938112275,0.004979022102443996,0.18552543696509716,1.1184
2019-09-11T04:07:11.953Z,DCR/BTC,DCR,BTC,binance,exmo,0.4528023358448088,0.001,1e-06,0.1,1.3401244399999999,0.0029596235132040207,6.55066748208852e-06,0.22133448571629022,-0.2342
2019-09-11T04:07:43.941Z,MKR/ETH,MKR,ETH,bittrex,kucoin,0.0007749170284903989,0.00211199,2.11199e-06,0.1,0.9847,2.683740938112275,0.004979022102443996,0.18552543696509716,1.1184
2019-09-11T04:08:16.521Z,DCR/BTC,DCR,BTC,binance,exmo,0.4528023358448088,0.001,1e-06,0.1,1.3401244399999999,0.0029596235132040207,6.55066748208852e-06,0.22133448571629022,-0.2342
2019-09-11T04:08:43.442Z,MKR/ETH,MKR,ETH,bittrex,kucoin,0.0007749170284903989,0.00211199,2.11199e-06,0.1,0.9847,2.683740938112275,0.004979022102443996,0.18552543696509716,1.1184
2019-09-11T04:09:16.923Z,DCR/BTC,DCR,BTC,binance,exmo,0.45278596080966826,0.001,1e-06,0.1,1.3401244399999999,0.002959730548190143,6.443525460980506e-06,0.2177064890221403,-0.2342
2019-09-11T04:09:43.948Z,MKR/ETH,MKR,ETH,bittrex,kucoin,0.0007749170284903989,0.00211199,2.11199e-06,0.1,0.9847,2.683740938112275,0.004979022102443996,0.18552543696509716,1.1184
2019-09-11T04:10:12.499Z,DCR/BTC,DCR,BTC,binance,exmo,0.45278596080966826,0.001,1e-06,0.1,1.3401244399999999,0.002959730548190143,6.443525460980506e-06,0.2177064890221403,-0.2342
2019-09-11T04:10:43.485Z,MKR/ETH,MKR,ETH,bittrex,kucoin,0.0007749170284903989,0.00211199,2.11199e-06,0.1,0.08789999999999999,0.23956619118520256,0.0004979493768344185,0.20785461185942822,1.1184
2019-09-11T04:11:11.968Z,DCR/BTC,DCR,BTC,binance,exmo,0.4531037607612143,0.001,1e-06,0.1,0.77153436,0.00170277633252,4.9092577019928144e-06,0.28830901676484,-0.2342
2019-09-11T04:11:43.962Z,MKR/ETH,MKR,ETH,bittrex,kucoin,0.0007749170284903989,0.00211199,2.11199e-06,0.1,0.1124,0.3063394754177107,0.0006230494837450753,0.20338530739321567,1.1184
2019-09-11T04:12:12.333Z,DCR/BTC,DCR,BTC,binance,exmo,0.4531037607612143,0.001,1e-06,0.1,0.77153436,0.00170277633252,4.9092577019928144e-06,0.28830901676484,-0.2342
2019-09-11T04:12:47.478Z,MKR/ETH,MKR,ETH,bittrex,kucoin,0.0007749170284903989,0.00211199,2.11199e-06,0.1,0.9847,2.683740938112275,0.004979022102443996,0.18552543696509716,1.1184
2019-09-11T04:13:12.056Z,DCR/BTC,DCR,BTC,binance,exmo,0.4531037607612143,0.001,1e-06,0.1,0.77153436,0.00170277633252,4.9092577019928144e-06,0.28830901676484,-0.2342
2019-09-11T04:13:38.467Z,MKR/ETH,MKR,ETH,bittrex,kucoin,0.0007749170284903989,0.00211199,2.11199e-06,0.1,0.123,0.3352291412489183,0.0006771744279594474,0.20200344917407517,1.1184
2019-09-11T04:14:12.053Z,DCR/BTC,DCR,BTC,binance,exmo,0.4524884554132038,0.001,1e-06,0.1,1.3401244399999999,0.002961676533329947,4.495594336036104e-06,0.1517922124662785,-0.3704
2019-09-11T04:14:38.477Z,MKR/ETH,MKR,ETH,bittrex,kucoin,0.0007749170284903989,0.00211199,2.11199e-06,0.1,0.9847,2.683740938112275,0.004979022102443996,0.18552543696509716,1.1184
2019-09-11T04:15:12.024Z,DCR/BTC,DCR,BTC,binance,exmo,0.45248868778280543,0.001,1e-06,0.1,0.56859008,0.0012565840768,1.904776768000049e-06,0.15158371040724372,-0.3708
2019-09-11T04:15:43.481Z,MKR/ETH,MKR,ETH,bittrex,kucoin,0.0007749170284903989,0.00211199,2.11199e-06,0.1,0.9847,2.683740938112275,0.004979022102443996,0.18552543696509716,1.1184
2019-09-11T04:16:12.116Z,DCR/BTC,DCR,BTC,binance,exmo,0.45248868778280543,0.001,1e-06,0.1,0.56859008,0.0012565840768,1.904776768000049e-06,0.15158371040724372,-0.3708
2019-09-11T04:16:44.002Z,MKR/ETH,MKR,ETH,bittrex,kucoin,0.0007749170284903989,0.00211199,2.11199e-06,0.1,0.0712,0.19405134030018686,0.00041267705906271866,0.212663854021482,1.1184
2019-09-11T04:17:11.909Z,DCR/BTC,DCR,BTC,binance,exmo,0.45248868778280543,0.001,1e-06,0.1,0.56859008,0.0012565840768,1.904776768000049e-06,0.15158371040724372,-0.3708
2019-09-11T04:17:43.501Z,MKR/ETH,MKR,ETH,bittrex,kucoin,0.0007749170284903989,0.00211199,2.11199e-06,0.1,0.9847,2.683740938112275,0.004979022102443996,0.18552543696509716,1.1184
2019-09-11T04:18:12.021Z,DCR/BTC,DCR,BTC,binance,exmo,0.45248868778280543,0.001,1e-06,0.1,0.56859008,0.0012565840768,1.904776768000049e-06,0.15158371040724372,-0.3708
2019-09-11T04:18:39.324Z,MKR/ETH,MKR,ETH,bittrex,kucoin,0.0007749170284903989,0.00211199,2.11199e-06,0.1,0.10909999999999999,0.2973455228476177,0.0006061992652631858,0.2038703187650981,1.1184
2019-09-11T04:19:12.107Z,DCR/BTC,DCR,BTC,binance,exmo,0.45248868778280543,0.001,1e-06,0.1,0.56859008,0.0012565840768,1.904776768000049e-06,0.15158371040724372,-0.3708
2019-09-11T04:19:44.028Z,MKR/ETH,MKR,ETH,bittrex,kucoin,0.0007749170284903989,0.00211199,2.11199e-06,0.1,0.9847,2.683740938112275,0.004979022102443996,0.18552543696509716,1.1184
2019-09-11T04:20:12.052Z,DCR/BTC,DCR,BTC,binance,exmo,0.45248868778280543,0.001,1e-06,0.1,0.56859008,0.0012565840768,1.904776768000049e-06,0.15158371040724372,-0.3708
2019-09-11T04:20:43.524Z,MKR/ETH,MKR,ETH,bittrex,kucoin,0.0007749170284903989,0.00211199,2.11199e-06,0.1,0.9847,2.683740938112275,0.004979022102443996,0.18552543696509716,1.1184
2019-09-11T04:21:12.061Z,DCR/BTC,DCR,BTC,binance,exmo,0.45248868778280543,0.001,1e-06,0.1,0.56859008,0.0012565840768,1.904776768000049e-06,0.15158371040724372,-0.3708
2019-09-11T04:21:43.530Z,MKR/ETH,MKR,ETH,bittrex,kucoin,0.0007749170284903989,0.00211199,2.11199e-06,0.1,0.9847,2.683740938112275,0.004979022102443996,0.18552543696509716,1.1184
2019-09-11T04:22:12.186Z,DCR/BTC,DCR,BTC,binance,exmo,0.45248868778280543,0.001,1e-06,0.1,0.56859008,0.0012565840768,1.904776768000049e-06,0.15158371040724372,-0.3708
2019-09-11T04:22:43.534Z,MKR/ETH,MKR,ETH,bittrex,kucoin,0.0007749170284903989,0.00211199,2.11199e-06,0.1,0.0063999999999999994,0.01744281710563477,8.180004160113802e-05,0.46896118388303876,1.1184
2019-09-11T04:23:12.133Z,DCR/BTC,DCR,BTC,binance,exmo,0.45248868778280543,0.001,1e-06,0.1,0.56859008,0.0012565840768,1.904776768000049e-06,0.15158371040724372,-0.3708
2019-09-11T04:23:44.056Z,MKR/ETH,MKR,ETH,bittrex,kucoin,0.0007749170284903989,0.00211199,2.11199e-06,0.1,0.9847,2.683740938112275,0.004979022102443996,0.18552543696509716,1.1184
2019-09-11T04:24:12.079Z,DCR/BTC,DCR,BTC,binance,exmo,0.45248868778280543,0.001,1e-06,0.1,0.56859008,0.0012565840768,1.904776768000049e-06,0.15158371040724372,-0.3708
2019-09-11T04:24:43.554Z,MKR/ETH,MKR,ETH,bittrex,kucoin,0.0007749170284903989,0.00211199,2.11199e-06,0.1,0.0182,0.04960301114414889,0.00014205233799073958,0.2863784571019856,1.1184
2019-09-11T04:25:12.076Z,DCR/BTC,DCR,BTC,binance,exmo,0.45248868778280543,0.001,1e-06,0.1,0.56859008,0.0012565840768,1.904776768000049e-06,0.15158371040724372,-0.3708
2019-09-11T04:25:44.101Z,MKR/ETH,MKR,ETH,bittrex,kucoin,0.0007752135308023515,0.00211199,2.11199e-06,0.1,0.0026999999999999997,0.007355873928178218,6.572894700133684e-05,0.8935572801152601,1.1184
2019-09-11T04:26:12.075Z,DCR/BTC,DCR,BTC,binance,exmo,0.45248868778280543,0.001,1e-06,0.1,0.56859008,0.0012565840768,1.904776768000049e-06,0.15158371040724372,-0.3708
2019-09-11T04:26:44.079Z,MKR/ETH,MKR,ETH,bittrex,kucoin,0.0007749170284903989,0.00211199,2.11199e-06,0.1,0.9847,2.683740938112275,0.004979022102443996,0.18552543696509716,1.1184
2019-09-11T04:27:12.107Z,DCR/BTC,DCR,BTC,binance,exmo,0.45248868778280543,0.001,1e-06,0.1,0.56859008,0.0012565840768,1.904776768000049e-06,0.15158371040724372,-0.3708
2019-09-11T04:27:43.580Z,MKR/ETH,MKR,ETH,bittrex,kucoin,0.0007749170284903989,0.00211199,2.11199e-06,0.1,0.9847,2.683740938112275,0.004979022102443996,0.18552543696509716,1.1184
2019-09-11T04:28:16.750Z,DCR/BTC,DCR,BTC,binance,exmo,0.45248868778280543,0.001,1e-06,0.1,0.56859008,0.0012565840768,1.904776768000049e-06,0.15158371040724372,-0.3708
2019-09-11T04:28:42.604Z,MKR/ETH,MKR,ETH,bittrex,kucoin,0.0007749170284903989,0.00211199,2.11199e-06,0.1,0.9847,2.683740938112275,0.004979022102443996,0.18552543696509716,1.1184
2019-09-11T04:28:46.628Z,MKR/ETH,MKR,ETH,gateio,kucoin,3.62621024767016e-05,0.0001,1.0000000000000001e-07,0.1,0.0013,0.0035850099999999996,4.699500000000121e-06,0.13108750045327966,-0.2356
2019-09-11T04:29:16.750Z,DCR/BTC,DCR,BTC,binance,exmo,0.45248868778280543,0.001,1e-06,0.1,0.56859008,0.0012565840768,1.904776768000049e-06,0.15158371040724372,-0.3708
2019-09-11T04:29:41.977Z,MKR/ETH,MKR,ETH,gateio,kucoin,3.6317414200108956e-05,0.0001,1.0000000000000001e-07,0.1,0.0013,0.0035795499999999995,1.0170420000000605e-05,0.2841256582531493,-0.1302
2019-09-11T04:29:44.103Z,MKR/ETH,MKR,ETH,bittrex,kucoin,0.0007749170284903989,0.00211199,2.11199e-06,0.1,0.0296,0.08067302911356083,0.00020026218365525486,0.2482393259007942,1.1184
2019-09-11T04:30:11.886Z,DCR/BTC,DCR,BTC,binance,exmo,0.45330915684496825,0.001,1e-06,0.1,0.56859008,0.00125430971648,4.18141144832009e-06,0.3333635539437968,-0.1892
2019-09-11T04:30:41.640Z,MKR/ETH,MKR,ETH,gateio,kucoin,3.635570420999055e-05,0.0001,1.0000000000000001e-07,0.1,0.0013,0.0035757799999999998,1.3947960000000247e-05,0.39006762160983754,-0.0282
2019-09-11T04:30:44.114Z,MKR/ETH,MKR,ETH,bittrex,kucoin,0.0007749170284903989,0.00211199,2.11199e-06,0.1,0.9847,2.683740938112275,0.004979022102443996,0.18552543696509716,1.1184
2019-09-11T04:31:11.791Z,DCR/BTC,DCR,BTC,binance,exmo,0.45330915684496825,0.001,1e-06,0.1,0.56859008,0.00125430971648,4.18141144832009e-06,0.3333635539437968,-0.1892
2019-09-11T04:31:41.651Z,MKR/ETH,MKR,ETH,gateio,kucoin,3.635834787667249e-05,0.0001,1.0000000000000001e-07,0.1,0.0013,0.0035755199999999996,1.4208479999999864e-05,0.3973821989528758,0.0302
2019-09-11T04:31:44.113Z,MKR/ETH,MKR,ETH,bittrex,kucoin,0.0007749773382266199,0.00211199,2.11199e-06,0.1,0.9847,2.6835320859303087,0.005188396414865373,0.19334206742181337,1.1184
2019-09-11T04:32:16.759Z,DCR/BTC,DCR,BTC,binance,exmo,0.45330915684496825,0.001,1e-06,0.1,0.56859008,0.00125430971648,4.18141144832009e-06,0.3333635539437968,-0.1892
2019-09-11T04:32:41.996Z,MKR/ETH,MKR,ETH,gateio,kucoin,3.635834787667249e-05,0.0001,1.0000000000000001e-07,0.1,0.0013,0.0035755199999999996,1.4208479999999864e-05,0.3973821989528758,0.0302
2019-09-11T04:32:42.141Z,DCR/BTC,DCR,BTC,poloniex,exmo,0.00045030873743340683,1e-06,1e-09,0.1,1.20466397,0.0026751956376999007,5.2204714937986336e-06,0.19514354091453023,-0.2197
2019-09-11T04:32:42.493Z,DCR/BTC,DCR,BTC,kucoin,exmo,0.4499700769898802,0.001,1e-06,0.1,1.86647611,0.0041480005125807,1.9725572797119288e-05,0.47554412631561904,0.0127
2019-09-11T04:32:45.621Z,MKR/ETH,MKR,ETH,bittrex,kucoin,0.0007749773382266199,0.00211199,2.11199e-06,0.1,0.9847,2.6835320859303087,0.005188396414865373,0.19334206742181337,1.1184
2019-09-11T04:33:44.127Z,MKR/ETH,MKR,ETH,bittrex,kucoin,0.0007749773382266199,0.00211199,2.11199e-06,0.1,0.9847,2.6835320859303087,0.005188396414865373,0.19334206742181337,1.1184
2019-09-11T04:33:46.654Z,MKR/ETH,MKR,ETH,gateio,kucoin,3.635834787667249e-05,0.0001,1.0000000000000001e-07,0.1,0.0013,0.0035755199999999996,1.4208479999999864e-05,0.3973821989528758,0.0302
2019-09-11T04:34:41.988Z,MKR/ETH,MKR,ETH,gateio,kucoin,3.635834787667249e-05,0.0001,1.0000000000000001e-07,0.1,0.0013,0.0035755199999999996,1.4208479999999864e-05,0.3973821989528758,0.0302
2019-09-11T04:34:43.627Z,MKR/ETH,MKR,ETH,bittrex,kucoin,0.0007749773382266199,0.00211199,2.11199e-06,0.1,0.9847,2.6835320859303087,0.005188396414865373,0.19334206742181337,1.1184
2019-09-11T04:35:42.004Z,MKR/ETH,MKR,ETH,gateio,kucoin,3.635834787667249e-05,0.0001,1.0000000000000001e-07,0.1,0.0013,0.0035755199999999996,1.4208479999999864e-05,0.3973821989528758,0.0302
2019-09-11T04:35:43.634Z,MKR/ETH,MKR,ETH,bittrex,kucoin,0.0007749773382266199,0.00211199,2.11199e-06,0.1,0.9847,2.6835320859303087,0.005188396414865373,0.19334206742181337,1.1184
2019-09-11T04:36:44.144Z,MKR/ETH,MKR,ETH,bittrex,kucoin,0.0007749773382266199,0.00211199,2.11199e-06,0.1,0.9847,2.6835320859303087,0.005188396414865373,0.19334206742181337,1.1184
2019-09-11T04:36:46.671Z,MKR/ETH,MKR,ETH,gateio,kucoin,3.6359669854197727e-05,0.0001,1.0000000000000001e-07,0.1,0.0013,0.0035753899999999995,1.4338740000000716e-05,0.4010398865578501,0.0302
2019-09-11T04:37:41.673Z,MKR/ETH,MKR,ETH,gateio,kucoin,3.635834787667249e-05,0.0001,1.0000000000000001e-07,0.1,0.0013,0.0035755199999999996,1.4208479999999864e-05,0.3973821989528758,0.0302
2019-09-11T04:37:44.150Z,MKR/ETH,MKR,ETH,bittrex,kucoin,0.0007749773382266199,0.00211199,2.11199e-06,0.1,0.024800000000000003,0.06758565627203378,0.00018102593728615182,0.26784668119152144,1.1184
2019-09-11T04:38:41.684Z,MKR/ETH,MKR,ETH,gateio,kucoin,3.635966985419772e-05,0.0001,1.0000000000000001e-07,0.1,0.0013,0.00357539,1.4338740000000085e-05,0.40103988655783246,0.0338
2019-09-11T04:38:44.153Z,MKR/ETH,MKR,ETH,bittrex,kucoin,0.0007749471821851185,0.00211199,2.11199e-06,0.1,0.9847,2.683636512021292,0.005083709258655299,0.1894336001124941,1.1184
2019-09-11T04:39:41.802Z,MKR/ETH,MKR,ETH,gateio,kucoin,3.635966985419772e-05,0.0001,1.0000000000000001e-07,0.1,0.0013,0.00357539,1.4338740000000085e-05,0.40103988655783246,0.0338
2019-09-11T04:39:44.165Z,MKR/ETH,MKR,ETH,bittrex,kucoin,0.0007749471821851185,0.00211199,2.11199e-06,0.1,0.9847,2.683636512021292,0.005083709258655299,0.1894336001124941,1.1184
2019-09-11T04:40:41.833Z,MKR/ETH,MKR,ETH,gateio,kucoin,3.635966985419772e-05,0.0001,1.0000000000000001e-07,0.1,0.0013,0.00357539,1.4338740000000085e-05,0.40103988655783246,0.0338
2019-09-11T04:40:44.159Z,MKR/ETH,MKR,ETH,bittrex,kucoin,0.0007749170284903989,0.00211199,2.11199e-06,0.1,0.9847,2.683740938112275,0.004979022102443996,0.18552543696509716,1.1184
2019-09-11T04:41:41.844Z,MKR/ETH,MKR,ETH,gateio,kucoin,3.635966985419772e-05,0.0001,1.0000000000000001e-07,0.1,0.0013,0.00357539,1.4338740000000085e-05,0.40103988655783246,0.0338
2019-09-11T04:41:44.162Z,MKR/ETH,MKR,ETH,bittrex,kucoin,0.0007749773382266199,0.00211199,2.11199e-06,0.1,0.9847,2.6835320859303087,0.005188396414865373,0.19334206742181337,1.1184
2019-09-11T04:42:41.937Z,MKR/ETH,MKR,ETH,gateio,kucoin,3.635966985419772e-05,0.0001,1.0000000000000001e-07,0.1,0.0013,0.00357539,1.4338740000000085e-05,0.40103988655783246,0.0338
2019-09-11T04:42:43.665Z,MKR/ETH,MKR,ETH,bittrex,kucoin,0.0007749773382266199,0.00211199,2.11199e-06,0.1,0.018,0.04905410535873418,0.0001448584078689826,0.29530333253379837,1.1184
2019-09-11T04:43:44.180Z,MKR/ETH,MKR,ETH,bittrex,kucoin,0.0007749773382266199,0.00211199,2.11199e-06,0.1,0.9847,2.6835320859303087,0.005188396414865373,0.19334206742181337,1.1184
2019-09-11T04:43:46.780Z,MKR/ETH,MKR,ETH,gateio,kucoin,3.636231409766917e-05,0.0001,1.0000000000000001e-07,0.1,0.0013,0.0035751300000000006,1.4599259999999285e-05,0.4083560597796243,0.0411
2019-09-11T04:44:41.986Z,MKR/ETH,MKR,ETH,gateio,kucoin,3.636231409766917e-05,0.0001,1.0000000000000001e-07,0.1,0.0013,0.0035751300000000006,1.4599259999999285e-05,0.4083560597796243,0.0411
2019-09-11T04:44:44.197Z,MKR/ETH,MKR,ETH,bittrex,kucoin,0.0007749773382266199,0.00211199,2.11199e-06,0.1,0.0036999999999999997,0.01008334387929536,6.880022100640178e-05,0.6823155277652759,1.1184
2019-09-11T04:45:41.988Z,MKR/ETH,MKR,ETH,gateio,kucoin,3.636231409766917e-05,0.0001,1.0000000000000001e-07,0.1,0.0013,0.0035751300000000006,1.4599259999999285e-05,0.4083560597796243,0.0411
2019-09-11T04:45:43.701Z,MKR/ETH,MKR,ETH,bittrex,kucoin,0.0007749773382266199,0.00211199,2.11199e-06,0.1,0.9847,2.6835320859303087,0.005188396414865373,0.19334206742181337,1.1184
2019-09-11T04:46:41.976Z,MKR/ETH,MKR,ETH,gateio,kucoin,3.6363636363636364e-05,0.0001,1.0000000000000001e-07,0.1,0.0013,0.003575,1.4729520000000037e-05,0.4120145454545465,0.0448
2019-09-11T04:46:43.700Z,MKR/ETH,MKR,ETH,bittrex,kucoin,0.0007749773382266199,0.00211199,2.11199e-06,0.1,0.056600000000000004,0.1542479090724642,0.00035016232485465804,0.22701268818506648,1.1184
2019-09-11T04:47:41.822Z,MKR/ETH,MKR,ETH,gateio,kucoin,3.6363636363636364e-05,0.0001,1.0000000000000001e-07,0.1,0.0013,0.003575,1.4729520000000037e-05,0.4120145454545465,0.0448
2019-09-11T04:47:44.223Z,MKR/ETH,MKR,ETH,bittrex,kucoin,0.0007749471821851185,0.00211199,2.11199e-06,0.1,0.9847,2.683636512021292,0.005083709258655299,0.1894336001124941,1.1184
2019-09-11T04:48:42.185Z,MKR/ETH,MKR,ETH,gateio,kucoin,3.6363636363636364e-05,0.0001,1.0000000000000001e-07,0.1,0.0013,0.003575,1.4729520000000037e-05,0.4120145454545465,0.0448
2019-09-11T04:48:44.238Z,MKR/ETH,MKR,ETH,bittrex,kucoin,0.0007749471821851185,0.00211199,2.11199e-06,0.1,0.9847,2.683636512021292,0.005083709258655299,0.1894336001124941,1.1184
2019-09-11T04:49:41.951Z,MKR/ETH,MKR,ETH,gateio,kucoin,3.636628118408612e-05,0.0001,1.0000000000000001e-07,0.1,0.0013,0.00357474,1.4990039999999546e-05,0.4193323150774475,0.0521
2019-09-11T04:49:42.755Z,MKR/ETH,MKR,ETH,bittrex,kucoin,0.0007749773382266199,0.00211199,2.11199e-06,0.1,0.9847,2.6835320859303087,0.005188396414865373,0.19334206742181337,1.1184
2019-09-11T04:50:41.931Z,MKR/ETH,MKR,ETH,gateio,kucoin,3.636628118408612e-05,0.0001,1.0000000000000001e-07,0.1,0.0013,0.00357474,1.4990039999999546e-05,0.4193323150774475,0.0521
2019-09-11T04:50:44.268Z,MKR/ETH,MKR,ETH,bittrex,kucoin,0.0007749773382266199,0.00211199,2.11199e-06,0.1,0.0605,0.16487629856685657,0.00037090546672625437,0.22495984562381108,1.1184
2019-09-11T04:51:43.813Z,MKR/ETH,MKR,ETH,gateio,kucoin,3.636628118408612e-05,0.0001,1.0000000000000001e-07,0.1,0.0013,0.00357474,1.4990039999999546e-05,0.4193323150774475,0.0521
2019-09-11T04:51:44.264Z,MKR/ETH,MKR,ETH,bittrex,kucoin,0.0007749773382266199,0.00211199,2.11199e-06,0.1,0.9847,2.6835320859303087,0.005188396414865373,0.19334206742181337,1.1184
2019-09-11T04:52:41.880Z,MKR/ETH,MKR,ETH,gateio,kucoin,3.636628118408612e-05,0.0001,1.0000000000000001e-07,0.1,0.0013,0.00357474,1.4990039999999546e-05,0.4193323150774475,0.0521
2019-09-11T04:52:44.283Z,MKR/ETH,MKR,ETH,bittrex,kucoin,0.0007749773382266199,0.00211199,2.11199e-06,0.1,0.0813,0.22156104253694942,0.0004815355567082255,0.21733764708564254,1.1184
2019-09-11T04:53:37.246Z,MKR/ETH,MKR,ETH,gateio,kucoin,3.636628118408612e-05,0.0001,1.0000000000000001e-07,0.1,0.0013,0.00357474,1.4990039999999546e-05,0.4193323150774475,0.0521
2019-09-11T04:53:37.787Z,MKR/ETH,MKR,ETH,bittrex,kucoin,0.0007749773382266199,0.00211199,2.11199e-06,0.1,0.0813,0.22156104253694942,0.0004815355567082255,0.21733764708564254,1.1184
2019-09-11T04:54:41.824Z,MKR/ETH,MKR,ETH,gateio,kucoin,3.6367603738589666e-05,0.0001,1.0000000000000001e-07,0.1,0.0013,0.0035746099999999998,1.5120300000000437e-05,0.42299159908354866,0.0557
2019-09-11T04:54:44.303Z,MKR/ETH,MKR,ETH,bittrex,kucoin,0.0007749773382266199,0.00211199,2.11199e-06,0.1,0.1794,0.48890591674205075,0.0010033053560940797,0.205214402554148,1.1184
2019-09-11T04:55:41.994Z,MKR/ETH,MKR,ETH,gateio,kucoin,3.6370249136206584e-05,0.0001,1.0000000000000001e-07,0.1,0.0013,0.00357435,1.5380819999999822e-05,0.4303109656301096,0.063
2019-09-11T04:55:44.309Z,MKR/ETH,MKR,ETH,bittrex,kucoin,0.0007749471821851185,0.00211199,2.11199e-06,0.1,0.9847,2.683636512021292,0.005083709258655299,0.1894336001124941,1.1184
2019-09-11T04:56:42.579Z,MKR/ETH,MKR,ETH,gateio,kucoin,3.6370249136206584e-05,0.0001,1.0000000000000001e-07,0.1,0.0013,0.00357435,1.5380819999999822e-05,0.4303109656301096,0.063
2019-09-11T04:56:44.346Z,MKR/ETH,MKR,ETH,bittrex,kucoin,0.0007749471821851185,0.00211199,2.11199e-06,0.1,0.004999999999999999,0.013626670620601663,7.518303284683356e-05,0.5517344253787648,1.1184
2019-09-11T04:57:44.326Z,MKR/ETH,MKR,ETH,bittrex,kucoin,0.0007752135308023515,0.00211199,2.11199e-06,0.1,0.9822,2.675903471206165,0.005945020635819927,0.22216872543388888,0.3246
2019-09-11T05:02:11.958Z,DCR/BTC,DCR,BTC,kucoin,poloniex,0.4522656246466675,0.001,1e-06,0.1,4.35407351,0.009627248397225901,1.8162299224835383e-05,0.1886551429385458,-0.3338
2019-09-11T05:02:16.971Z,DCR/BTC,DCR,BTC,binance,poloniex,0.45269352648257133,0.001,1e-06,0.1,4.25581667,0.00940109902403,2.6655988526293623e-05,0.2835411951108979,-0.239
2019-09-11T05:02:43.856Z,MKR/ETH,MKR,ETH,bittrex,kucoin,0.0007753267256485281,0.00211199,2.11199e-06,0.1,1.0236,2.788286399119955,0.006607905192245049,0.23698803660666456,0.0392
2019-09-11T05:02:57.437Z,XEM/BTC,XEM,BTC,gateio,exmo,23.041474654377883,0.0001,1.0000000000000001e-07,0.1,1000,0.00434,1.2579999999999988e-05,0.28986175115207347,-0.2329
2019-09-11T05:03:02.403Z,VET/USDT,VET,USDT,binance,kucoin,256.9373072970195,1,0.001,0.1,764.293,2.974628356,0.008710494462399722,0.29282631038025786,-0.2724
2019-09-11T05:03:11.968Z,DCR/BTC,DCR,BTC,binance,poloniex,0.45269352648257133,0.001,1e-06,0.1,4.25581667,0.00940109902403,2.6655988526293623e-05,0.2835411951108979,-0.239
2019-09-11T05:03:12.968Z,DCR/BTC,DCR,BTC,kucoin,poloniex,0.4522656246466675,0.001,1e-06,0.1,4.25581667,0.0094099936808703,1.775243702915399e-05,0.1886551429385458,-0.3338
2019-09-11T05:03:44.375Z,MKR/ETH,MKR,ETH,bittrex,kucoin,0.0007753267256485281,0.00211199,2.11199e-06,0.1,0.968,2.6368319991677573,0.0062256787743236045,0.23610449115789578,0.0356
2019-09-11T05:04:16.997Z,DCR/BTC,DCR,BTC,binance,poloniex,0.45269352648257133,0.001,1e-06,0.1,4.15642063,0.009181533171670002,2.6033428884456652e-05,0.2835411951108979,-0.239
2019-09-11T05:04:44.407Z,MKR/ETH,MKR,ETH,bittrex,kucoin,0.0007753267256485281,0.00211199,2.11199e-06,0.1,0.968,2.6368319991677573,0.0062256787743236045,0.23610449115789578,0.0356
2019-09-11T05:05:12.800Z,DCR/BTC,DCR,BTC,binance,poloniex,0.45269352648257133,0.001,1e-06,0.1,4.05816392,0.008964484099280001,2.5418005350624928e-05,0.2835411951108979,-0.239
2019-09-11T05:05:13.038Z,DCR/BTC,DCR,BTC,kucoin,poloniex,0.4522656246466675,0.001,1e-06,0.1,4.05816392,0.0089729656618728,1.6927961195232764e-05,0.1886551429385458,-0.3343
2019-09-11T05:05:44.382Z,MKR/ETH,MKR,ETH,bittrex,kucoin,0.0007753267256485281,0.00211199,2.11199e-06,0.1,0.968,2.6368319991677573,0.0062256787743236045,0.23610449115789578,0.0356
2019-09-11T05:06:44.400Z,MKR/ETH,MKR,ETH,bittrex,kucoin,0.0007753267256485281,0.00211199,2.11199e-06,0.1,0.968,2.6368319991677573,0.0062256787743236045,0.23610449115789578,0.0356
2019-09-11T05:07:43.717Z,MKR/ETH,MKR,ETH,bittrex,kucoin,0.0007753267256485281,0.00211199,2.11199e-06,0.1,0.968,2.6368319991677573,0.0062256787743236045,0.23610449115789578,0.0356
2019-09-11T05:08:44.869Z,MKR/ETH,MKR,ETH,bittrex,kucoin,0.0007753267256485281,0.00211199,2.11199e-06,0.1,0.968,2.6368319991677573,0.0062256787743236045,0.23610449115789578,0.0356
2019-09-11T05:09:27.655Z,ATOM/ETH,ATOM,ETH,kucoin,bittrex,0.7077641729775639,0.01,1e-05,0.1,4.1193683,0.05820255471069999,8.803501993930897e-05,0.1512562814070506,0.0381
2019-09-11T05:09:47.395Z,MKR/ETH,MKR,ETH,bittrex,kucoin,0.0007753267256485281,0.00211199,2.11199e-06,0.1,0.968,2.6368319991677573,0.0062256787743236045,0.23610449115789578,0.0356
2019-09-11T05:10:44.695Z,MKR/ETH,MKR,ETH,bittrex,kucoin,0.0007753267256485281,0.00211199,2.11199e-06,0.1,0.968,2.6368319991677573,0.0062256787743236045,0.23610449115789578,0.0356
2019-09-11T05:11:44.421Z,MKR/ETH,MKR,ETH,bittrex,kucoin,0.0007753267256485281,0.00211199,2.11199e-06,0.1,0.968,2.6368319991677573,0.0062256787743236045,0.23610449115789578,0.0356
2019-09-11T05:12:44.423Z,MKR/ETH,MKR,ETH,bittrex,kucoin,0.0007753267256485281,0.00211199,2.11199e-06,0.1,0.968,2.6368319991677573,0.0062256787743236045,0.23610449115789578,0.0356
2019-09-11T05:13:02.265Z,XEM/BTC,XEM,BTC,poloniex,exmo,0.2304147465437788,1e-06,1e-09,0.1,2738.67480475,0.011885848652615,2.850960471744812e-05,0.23986175115207897,-0.3268
2019-09-11T05:13:02.455Z,XEM/BTC,XEM,BTC,gateio,exmo,23.041474654377883,0.0001,1.0000000000000001e-07,0.1,1000,0.00434,1.2579999999999988e-05,0.28986175115207347,-0.2329
2019-09-11T05:13:43.919Z,MKR/ETH,MKR,ETH,bittrex,kucoin,0.0007753267256485281,0.00211199,2.11199e-06,0.1,0.968,2.6368319991677573,0.0062256787743236045,0.23610449115789578,0.0356
2019-09-11T05:14:44.446Z,MKR/ETH,MKR,ETH,bittrex,kucoin,0.0007753267256485281,0.00211199,2.11199e-06,0.1,0.968,2.6368319991677573,0.0062256787743236045,0.23610449115789578,0.0356
2019-09-11T05:15:43.937Z,MKR/ETH,MKR,ETH,bittrex,kucoin,0.0007753267256485281,0.00211199,2.11199e-06,0.1,0.896,2.44070399922966,0.005761278712265638,0.23604987389228782,0.0356
2019-09-11T05:16:45.972Z,MKR/ETH,MKR,ETH,bittrex,kucoin,0.0007753267256485281,0.00211199,2.11199e-06,0.1,0.9211,2.50907639920808,0.005943733153900003,0.23688928546679475,0.0392
2019-09-11T05:17:45.455Z,MKR/ETH,MKR,ETH,bittrex,kucoin,0.0007753267256485281,0.00211199,2.11199e-06,0.1,0.896,2.44070399922966,0.005761278712265638,0.23604987389228782,0.0356
2019-09-11T05:18:45.966Z,MKR/ETH,MKR,ETH,bittrex,kucoin,0.0007753267256485281,0.00211199,2.11199e-06,0.1,0.9879,2.691039599150648,0.0063812665314751695,0.2371301609047016,0.0392
2019-09-11T05:19:45.984Z,MKR/ETH,MKR,ETH,bittrex,kucoin,0.0007753267256485281,0.00211199,2.11199e-06,0.1,0.896,2.44070399922966,0.005761278712265638,0.23604987389228782,0.0392
2019-09-11T05:20:44.512Z,MKR/ETH,MKR,ETH,bittrex,kucoin,0.0007753267256485281,0.00211199,2.11199e-06,0.1,0.896,2.44070399922966,0.005761278712265638,0.23604987389228782,0.0356
2019-09-11T05:21:43.990Z,MKR/ETH,MKR,ETH,bittrex,kucoin,0.0007753267256485281,0.00211199,2.11199e-06,0.1,0.896,2.44070399922966,0.005761278712265638,0.23604987389228782,0.0356
2019-09-11T05:22:22.650Z,XEM/BTC,XEM,BTC,poloniex,exmo,0.2304147465437788,1e-06,1e-09,0.1,917.43119266,0.0039816513761444,9.550458715590808e-06,0.23986175115207897,-0.3268
2019-09-11T05:22:22.998Z,XEM/BTC,XEM,BTC,gateio,exmo,23.041474654377883,0.0001,1.0000000000000001e-07,0.1,917.43119266,0.0039816513761444,1.1541284403662787e-05,0.28986175115207347,-0.2329
2019-09-11T05:22:44.512Z,MKR/ETH,MKR,ETH,bittrex,kucoin,0.0007753267256485281,0.00211199,2.11199e-06,0.1,0.9522,2.5937927991813416,0.006147435070704734,0.23700563409093434,0.0392
2019-09-11T05:23:44.514Z,MKR/ETH,MKR,ETH,bittrex,kucoin,0.0007753267256485281,0.00211199,2.11199e-06,0.1,0.896,2.44070399922966,0.005761278712265638,0.23604987389228782,0.0356
2019-09-11T05:24:44.537Z,MKR/ETH,MKR,ETH,bittrex,kucoin,0.0007753267256485281,0.00211199,2.11199e-06,0.1,1.0596,2.8863503990890043,0.006850894423273604,0.23735491108203277,0.0392
2019-09-11T05:25:44.549Z,MKR/ETH,MKR,ETH,bittrex,kucoin,0.0007753267256485281,0.00211199,2.11199e-06,0.1,0.896,2.44070399922966,0.005761278712265638,0.23604987389228782,0.0356
2019-09-11T05:26:43.058Z,MKR/ETH,MKR,ETH,bittrex,kucoin,0.0007753267256485281,0.00211199,2.11199e-06,0.1,0.9094000000000001,2.477205599218139,0.0058670993138157474,0.23684345440150523,0.0392
2019-09-11T05:27:44.568Z,MKR/ETH,MKR,ETH,bittrex,kucoin,0.0007753267256485281,0.00211199,2.11199e-06,0.1,0.896,2.44070399922966,0.005761278712265638,0.23604987389228782,0.0356
2019-09-11T05:28:44.871Z,MKR/ETH,MKR,ETH,bittrex,kucoin,0.0007753267256485281,0.00211199,2.11199e-06,0.1,0.896,2.44070399922966,0.005761278712265638,0.23604987389228782,0.0356
2019-09-11T05:29:47.575Z,MKR/ETH,MKR,ETH,bittrex,kucoin,0.0007753267256485281,0.00211199,2.11199e-06,0.1,0.896,2.44070399922966,0.005761278712265638,0.23604987389228782,0.0356
2019-09-11T05:30:44.598Z,MKR/ETH,MKR,ETH,bittrex,kucoin,0.0007753267256485281,0.00211199,2.11199e-06,0.1,0.896,2.44070399922966,0.005761278712265638,0.23604987389228782,0.0356
2019-09-11T05:31:39.695Z,MKR/ETH,MKR,ETH,bittrex,kucoin,0.0007753267256485281,0.00211199,2.11199e-06,0.1,0.896,2.44070399922966,0.005761278712265638,0.23604987389228782,0.0356
2019-09-11T05:32:44.598Z,MKR/ETH,MKR,ETH,bittrex,kucoin,0.0007753267256485281,0.00211199,2.11199e-06,0.1,0.896,2.44070399922966,0.005761278712265638,0.23604987389228782,0.0356
2019-09-11T05:33:44.610Z,MKR/ETH,MKR,ETH,bittrex,kucoin,0.0007753267256485281,0.00211199,2.11199e-06,0.1,0.896,2.44070399922966,0.005761278712265638,0.23604987389228782,0.0356
2019-09-11T05:34:43.116Z,MKR/ETH,MKR,ETH,bittrex,kucoin,0.0007753267256485281,0.00211199,2.11199e-06,0.1,0.896,2.44070399922966,0.005761278712265638,0.23604987389228782,0.0356
2019-09-11T05:35:44.651Z,MKR/ETH,MKR,ETH,bittrex,kucoin,0.0007753267256485281,0.00211199,2.11199e-06,0.1,0.896,2.44070399922966,0.005761278712265638,0.23604987389228782,0.0356
2019-09-11T05:36:44.636Z,MKR/ETH,MKR,ETH,bittrex,kucoin,0.0007753267256485281,0.00211199,2.11199e-06,0.1,0.896,2.44070399922966,0.005761278712265638,0.23604987389228782,0.0356
2019-09-11T05:37:44.634Z,MKR/ETH,MKR,ETH,bittrex,kucoin,0.0007753267256485281,0.00211199,2.11199e-06,0.1,0.896,2.44070399922966,0.005761278712265638,0.23604987389228782,1.0891
2019-09-11T05:38:44.640Z,MKR/ETH,MKR,ETH,bittrex,kucoin,0.0007753267256485281,0.00211199,2.11199e-06,0.1,0.896,2.44070399922966,0.005761278712265638,0.23604987389228782,0.0356
2019-09-11T05:39:39.640Z,MKR/ETH,MKR,ETH,bittrex,kucoin,0.0007753267256485281,0.00211199,2.11199e-06,0.1,0.896,2.44070399922966,0.005761278712265638,0.23604987389228782,0.0356
2019-09-11T05:40:39.642Z,MKR/ETH,MKR,ETH,bittrex,kucoin,0.0007753267256022903,0.00211199,2.11199e-06,0.1,0.7745,2.1097379994599375,0.004977603481412348,0.23593467448026925,0.0356
2019-09-11T05:41:44.678Z,MKR/ETH,MKR,ETH,bittrex,kucoin,0.0007753267256022903,0.00211199,2.11199e-06,0.1,0.7745,2.1097379994599375,0.004977603481412348,0.23593467448026925,0.0356
2019-09-11T05:42:40.120Z,MKR/ETH,MKR,ETH,bittrex,kucoin,0.0007753267256022903,0.00211199,2.11199e-06,0.1,0.7745,2.1097379994599375,0.004977603481412348,0.23593467448026925,0.0356
2019-09-11T05:43:39.158Z,MKR/ETH,MKR,ETH,bittrex,kucoin,0.0007753267256022903,0.00211199,2.11199e-06,0.1,0.7745,2.1097379994599375,0.004977603481412348,0.23593467448026925,0.0356
2019-09-11T05:44:44.169Z,MKR/ETH,MKR,ETH,bittrex,kucoin,0.0007753267256022903,0.00211199,2.11199e-06,0.1,0.7745,2.1097379994599375,0.004977603481412348,0.23593467448026925,0.0356
2019-09-11T05:45:44.177Z,MKR/ETH,MKR,ETH,bittrex,kucoin,0.0007753267256022903,0.00211199,2.11199e-06,0.1,1.0679,2.9089595992553483,0.005710334546513808,0.196301610650611,0.0356
2019-09-11T05:46:44.693Z,MKR/ETH,MKR,ETH,bittrex,kucoin,0.0007753267256022903,0.00211199,2.11199e-06,0.1,1.0679,2.9089595992553483,0.005710334546513808,0.196301610650611,0.0356
2019-09-11T05:47:39.731Z,MKR/ETH,MKR,ETH,bittrex,kucoin,0.0007753267256022903,0.00211199,2.11199e-06,0.1,1.0679,2.9089595992553483,0.005710334546513808,0.196301610650611,0.0356
