opp_created_at,ord_created_at,symbol,buy_at,sell_at,profit,invest.min.base,invest.min.quote,invest.max.base,invest.max.quote
2019-09-02T13:19:53.578Z,2019-09-02T13:20:08.658Z,ETC/BTC,gateio,kraken,0.9331,54.518063263489225,0.03646137162581184,63.101869,0.042088946622999994
2019-09-02T13:19:53.581Z,2019-09-02T13:20:23.675Z,ETC/ETH,poloniex,kraken,0.2797,59.2286384396673,2.2661864363340096,137.015,5.228433483549999
2019-09-02T13:19:53.581Z,2019-09-02T13:20:26.967Z,ETC/ETH,hitbtc,kraken,0.3157,55.252294883790995,2.113318797631169,62.974,2.4022062039999996
2019-09-02T13:21:51.802Z,2019-09-02T13:22:08.008Z,ETC/ETH,hitbtc,kraken,0.159,82.91001877794669,3.1775117451385917,132.567,5.0672940348
2019-09-02T13:22:13.723Z,2019-09-02T13:22:29.008Z,ETC/ETH,bittrex,kraken,0.482,63.65735242922383,2.4375896371233723,110,4.2009682
2019-09-02T13:22:13.724Z,2019-09-02T13:22:34.725Z,ETC/ETH,binance,kraken,0.3728,48.77763404078244,1.865668471664808,84.53,3.2243968499999998
2019-09-02T13:23:51.769Z,2019-09-02T13:24:26.074Z,ETC/ETH,binance,kraken,0.4588,41.90739535836068,1.6030724793290658,110.21,4.20429108
2019-09-02T13:24:31.811Z,2019-09-02T13:24:44.105Z,ETC/ETH,poloniex,kraken,0.1204,91.20215547850158,3.5010343402475295,226.85,8.685510301
2019-09-02T13:25:51.782Z,2019-09-02T13:26:23.104Z,ETC/ETH,binance,kraken,0.5397,41.26014603451659,1.5790640536875789,102.2,3.9005652
2019-09-02T13:27:51.824Z,2019-09-02T13:28:17.104Z,ETC/ETH,bittrex,kraken,0.6804,45.443347257548616,1.7408066965549898,102.2,3.9043476220000004
2019-09-02T13:27:51.825Z,2019-09-02T13:28:19.895Z,ETC/ETH,poloniex,kraken,0.323,54.85573774617635,2.103439078501928,102.2,3.9083415980000002
2019-09-02T13:29:51.815Z,2019-09-02T13:30:17.003Z,ETC/ETH,bittrex,kraken,0.7378,41.11717710059152,1.5751156344139936,102.2,3.904337402
2019-09-02T13:32:14.984Z,2019-09-02T13:32:30.064Z,ETC/BTC,gateio,kraken,0.9215,61.28231175609446,0.04129166265673732,80,0.053759999999999995
2019-09-02T13:32:14.986Z,2019-09-02T13:32:39.378Z,ETC/BTC,cointiger,kraken,0.8717,56.67549726358655,0.03815005000297098,80,0.0537064
2019-09-02T13:32:14.986Z,2019-09-02T13:32:42.380Z,ETC/ETH,bittrex,kraken,0.2446,58.469381239901246,2.2454605022280227,80.073,3.0669144080399997
2019-09-02T13:34:13.407Z,2019-09-02T13:34:26.623Z,ETC/ETH,bittrex,kraken,0.2847,80.62991053107912,3.1028750079272758,110,4.2220156
2019-09-02T13:34:38.337Z,2019-09-02T13:34:47.336Z,ETC/BTC,hitbtc,kraken,1.2299,45.42556810676028,0.030659329215699593,115.671,0.07785815010000001
2019-09-02T13:34:38.337Z,2019-09-02T13:34:50.743Z,ETC/BTC,binance,kraken,1.0636,49.425886597635774,0.033403295806322314,115.671,0.07796225400000001
2019-09-02T13:34:38.341Z,2019-09-02T13:34:56.724Z,ETC/BTC,cointiger,kraken,1.1648,46.38498781157591,0.03131743071996833,75.274,0.05068424242
2019-09-02T13:36:13.381Z,2019-09-02T13:36:23.670Z,ETC/BTC,binance,kraken,1.2082,38.275919836902816,0.02590776530316732,90,0.060750000000000005
2019-09-02T13:36:13.382Z,2019-09-02T13:36:26.330Z,ETC/BTC,kucoin,kraken,1.5868,39.76523274388365,0.026895633569673703,83.287388,0.056177343206
2019-09-02T13:36:44.385Z,2019-09-02T13:36:59.625Z,ETC/BTC,cointiger,kraken,1.5971,39.25759293559066,0.026585046152573875,90,0.060779700000000006
2019-09-02T13:38:13.386Z,2019-09-02T13:38:15.202Z,ETC/BTC,bittrex,kraken,1.8168,35.57977099841119,0.02404762471471593,46.66621171,0.03145302669254
2019-09-02T13:38:13.387Z,2019-09-02T13:38:20.619Z,ETC/BTC,hitbtc,kraken,1.7076,38.275919836902816,0.02590776530316732,65.1,0.043942499999999995
2019-09-02T13:38:13.388Z,2019-09-02T13:38:23.641Z,ETC/BTC,binance,kraken,1.6471,41.4140521410007,0.0280728413506932,90,0.06084
2019-09-02T13:38:13.388Z,2019-09-02T13:38:26.337Z,ETC/BTC,kucoin,kraken,1.8898,38.56817374983561,0.026109398595001523,90,0.060759
2019-09-02T13:38:13.390Z,2019-09-02T13:38:38.356Z,ETC/BTC,cointiger,kraken,1.7486,39.25759293559066,0.026585046152573875,90,0.060779700000000006
2019-09-02T13:38:13.392Z,2019-09-02T13:38:50.660Z,ETC/ETH,binance,kraken,0.3706,48.55772099555346,1.8745436173722385,122.92,4.73242
2019-09-02T13:40:13.421Z,2019-09-02T13:40:23.654Z,ETC/BTC,binance,kraken,1.3418,49.56389793213497,0.03374503929415503,55.188,0.037472652
2019-09-02T13:40:13.423Z,2019-09-02T13:40:38.347Z,ETC/BTC,cointiger,kraken,1.4425,51.2222687013359,0.03489084420739701,55.188,0.03749086404
2019-09-02T13:42:13.396Z,2019-09-02T13:42:14.682Z,ETC/BTC,binance,kraken,1.4885,35.62320845087195,0.024184142477433893,37.405,0.025323185
2019-09-02T13:42:13.398Z,2019-09-02T13:42:20.611Z,ETC/BTC,gateio,kraken,1.0392,45.18168458270879,0.03080736392605712,69.243,0.04708524
2019-09-02T13:42:13.399Z,2019-09-02T13:42:26.345Z,ETC/BTC,cointiger,kraken,1.4389,39.31023833164093,0.026738944629074675,40.998,0.027810173339999997
2019-09-02T13:42:13.400Z,2019-09-02T13:42:29.666Z,ETC/ETH,bittrex,kraken,1.6701,24.689170318900736,0.9607276515686447,34.029,1.3203224776800002
2019-09-02T13:42:13.402Z,2019-09-02T13:42:35.628Z,ETC/ETH,hitbtc,kraken,1.6797,24.220202473610406,0.9422888905421556,32.53,1.2618972540000002
2019-09-02T13:42:13.404Z,2019-09-02T13:42:38.353Z,ETC/ETH,gateio,kraken,1.3819,16.39651839660875,0.639681517274093,29.739,1.156609188
2019-09-02T13:42:41.671Z,2019-09-02T13:42:50.667Z,ETC/BTC,bittrex,kraken,1.4479,42.73030197737479,0.02902355724352317,45.243,0.03064625091
2019-09-02T13:42:41.672Z,2019-09-02T13:42:53.365Z,ETC/BTC,poloniex,kraken,1.4149,43.20540806466353,0.029351818510084754,45.243,0.030652132500000002
2019-09-02T13:42:41.673Z,2019-09-02T13:42:57.202Z,ETC/BTC,hitbtc,kraken,1.6392,40.117302542202374,0.027218178345918918,45.243,0.0306114138
2019-09-02T13:43:13.403Z,2019-09-02T13:43:14.643Z,ETC/ETH,binance,kraken,1.8256,13.405274072616665,0.5214406078631512,27.739,1.075496508
2019-09-02T13:44:13.431Z,2019-09-02T13:44:14.682Z,ETC/BTC,bittrex,kraken,1.6211,43.729016586527976,0.02971359117763891,45.243,0.03065846652
2019-09-02T13:44:13.432Z,2019-09-02T13:44:17.348Z,ETC/BTC,poloniex,kraken,1.5668,43.20540806466353,0.029351818510084754,45.243,0.030652132500000002
2019-09-02T13:44:13.432Z,2019-09-02T13:44:20.619Z,ETC/BTC,hitbtc,kraken,1.6241,39.507792167448,0.026836443523036865,45.243,0.030647608200000002
2019-09-02T13:44:13.433Z,2019-09-02T13:44:23.356Z,ETC/BTC,binance,kraken,1.6392,35.62320845087195,0.024184142477433893,37.323,0.025267671
2019-09-02T13:44:13.433Z,2019-09-02T13:44:26.646Z,ETC/BTC,kucoin,kraken,1.7147,41.77617750920009,0.02836433162053071,45.243,0.030634035300000004
2019-09-02T13:44:13.434Z,2019-09-02T13:44:35.361Z,ETC/BTC,cointiger,kraken,1.5894,51.19275957554137,0.03481941644398694,90,0.0610497
2019-09-02T13:44:13.435Z,2019-09-02T13:44:38.683Z,ETC/ETH,bittrex,kraken,1.9441,12.597535948348161,0.4898332951014115,27.739,1.07503298931
2019-09-02T13:44:13.438Z,2019-09-02T13:44:44.646Z,ETC/ETH,gateio,kraken,1.8316,13.20358095867145,0.5138791439897158,27.739,1.076079027
2019-09-02T13:44:47.371Z,2019-09-02T13:44:56.713Z,ETC/ETH,poloniex,kraken,2.0483,22.454556121795193,0.8730467445166612,34.022,1.31890161508
2019-09-02T13:45:23.445Z,2019-09-02T13:45:24.651Z,ETC/ETH,binance,kraken,2.1608,11.552767675473758,0.448380367373434,27.739,1.072972259
2019-09-02T13:46:31.071Z,2019-09-02T13:46:34.141Z,ETC/BTC,hitbtc,kraken,1.5638,46.378714253031575,0.03154432569206147,48.4,0.03282972
2019-09-02T13:46:31.077Z,2019-09-02T13:46:37.462Z,ETC/BTC,binance,kraken,1.6392,35.62320845087195,0.024184142477433893,37.2,0.025184400000000003
2019-09-02T13:46:31.079Z,2019-09-02T13:46:43.460Z,ETC/BTC,gateio,kraken,1.4885,61.62035267983689,0.04201367400730736,90,0.061200000000000004
2019-09-02T13:46:31.079Z,2019-09-02T13:46:46.148Z,ETC/BTC,exmo,kraken,1.5985,51.296722196008865,0.034891142858809635,90,0.0610515
2019-09-02T13:48:29.908Z,2019-09-02T13:48:39.858Z,ETC/BTC,binance,kraken,1.7738,33.32725364725576,0.022726147849758307,47.154,0.032064720000000005
2019-09-02T13:48:29.908Z,2019-09-02T13:48:46.157Z,ETC/BTC,gateio,kraken,1.4739,35.68128224774486,0.02436667991049047,47.154,0.032111874
2019-09-02T13:50:29.911Z,2019-09-02T13:50:33.862Z,ETC/BTC,poloniex,kraken,1.5487,36.98752717790195,0.02527700728996509,54.546,0.037173099
2019-09-02T13:50:29.912Z,2019-09-02T13:50:39.864Z,ETC/BTC,binance,kraken,1.4739,38.39301735835759,0.02625649908611516,66.546,0.045384372000000006
2019-09-02T13:50:29.913Z,2019-09-02T13:50:45.878Z,ETC/BTC,gateio,kraken,1.6236,41.55069596719686,0.02845709809082251,54.546,0.037254918
2019-09-02T13:51:53.378Z,2019-09-02T13:51:56.444Z,ETC/BTC,poloniex,kraken,1.6236,35.68128224774486,0.02436667991049047,73.335,0.04994113499999999
2019-09-02T13:51:53.379Z,2019-09-02T13:52:02.446Z,ETC/BTC,binance,kraken,1.6236,35.68128224774486,0.02436667991049047,54.546,0.037145826
2019-09-02T13:51:53.380Z,2019-09-02T13:52:05.900Z,ETC/BTC,kucoin,kraken,1.5337,34.71464994000464,0.023727640500358055,50,0.03408
2019-09-02T13:51:53.380Z,2019-09-02T13:52:08.445Z,ETC/BTC,gateio,kraken,1.4739,38.409801430158716,0.026306490603306667,50,0.03415
2019-09-02T13:51:53.381Z,2019-09-02T13:52:14.445Z,ETC/BTC,exmo,kraken,1.4201,39.472951380421264,0.02700910947763835,44.649,0.03046669164
2019-09-02T13:51:53.382Z,2019-09-02T13:52:17.755Z,ETC/BTC,cointiger,kraken,1.4231,36.574500030926465,0.025025631830679063,50,0.034117
2019-09-02T13:53:08.950Z,2019-09-02T13:53:10.095Z,ETC/BTC,poloniex,kraken,1.6236,36.76079856862126,0.025155649775651965,90,0.0614169
2019-09-02T13:53:08.951Z,2019-09-02T13:53:15.346Z,ETC/BTC,binance,kraken,1.6236,33.33998763508682,0.022768262235081826,73.53,0.050073929999999996
2019-09-02T13:53:08.952Z,2019-09-02T13:53:18.024Z,ETC/BTC,kucoin,kraken,1.5337,34.71464994000464,0.023727640500358055,90,0.061343999999999996
2019-09-02T13:53:08.952Z,2019-09-02T13:53:21.314Z,ETC/BTC,gateio,kraken,1.4739,33.352730853104745,0.02281040846297487,74.57677679,0.050861361770779996
2019-09-02T13:55:07.331Z,2019-09-02T13:55:08.633Z,ETC/BTC,hitbtc,kraken,2.0106,39.54331147117856,0.026939869487236805,44.991,0.0305668854
2019-09-02T13:55:07.331Z,2019-09-02T13:55:11.239Z,ETC/BTC,binance,kraken,2.071,41.492028708958976,0.028292109796583562,44.991,0.03059388
2019-09-02T13:55:07.333Z,2019-09-02T13:55:14.534Z,ETC/BTC,kucoin,kraken,1.9503,38.65299816647401,0.026360606569442578,44.991,0.0305983791
2019-09-02T13:55:07.336Z,2019-09-02T13:55:23.242Z,ETC/BTC,exmo,kraken,1.8674,31.98878536996033,0.021825256756196704,83.3815,0.05672943734
2019-09-02T13:55:07.337Z,2019-09-02T13:55:26.685Z,ETC/BTC,cointiger,kraken,1.8689,28.379399864181547,0.019362851432177718,44.991,0.03060917694
2019-09-02T13:55:07.330Z,2019-09-02T13:55:29.245Z,ETC/BTC,bittrex,kraken,1.7817,30.791184438709777,0.021020148666473476,58.45569467,0.0397931295896558
2019-09-02T13:57:07.288Z,2019-09-02T13:57:08.553Z,ETC/BTC,bittrex,kraken,1.7843,33.108817550766446,0.022573918849890833,216.92,0.147483908
2019-09-02T13:57:07.289Z,2019-09-02T13:57:11.238Z,ETC/BTC,hitbtc,kraken,1.9999,32.45825774374917,0.022088180155296427,44.991,0.0305308926
2019-09-02T13:57:07.290Z,2019-09-02T13:57:14.578Z,ETC/BTC,binance,kraken,2.0755,29.44219762315831,0.02001863657995121,52.145,0.03535431
2019-09-02T13:57:07.290Z,2019-09-02T13:57:17.245Z,ETC/BTC,kucoin,kraken,1.9848,30.50919103760523,0.020762228609643017,52.145,0.035385597000000005
2019-09-02T13:57:07.291Z,2019-09-02T13:57:26.566Z,ETC/BTC,exmo,kraken,1.8702,31.97703666367264,0.021785176168253276,52.145,0.0354252272
2019-09-02T13:57:07.292Z,2019-09-02T13:57:29.248Z,ETC/BTC,cointiger,kraken,1.8747,31.91642373046318,0.021742934769739902,52.145,0.03542366285
2019-09-02T13:57:07.289Z,2019-09-02T13:57:32.653Z,ETC/BTC,poloniex,kraken,1.9245,31.264532991339408,0.021288629474806475,52.145,0.035406455
2019-09-02T13:59:07.331Z,2019-09-02T13:59:08.746Z,ETC/BTC,bittrex,kraken,1.822,35.04810127569545,0.023890470518450106,44.991,0.030582632250000002
2019-09-02T13:59:07.332Z,2019-09-02T13:59:11.257Z,ETC/BTC,poloniex,kraken,1.8446,34.615797536765655,0.02358962730031061,44.991,0.03057453387
2019-09-02T13:59:07.334Z,2019-09-02T13:59:20.586Z,ETC/BTC,kucoin,kraken,2.0755,31.253295868948918,0.021249638695887085,44.991,0.030503898
2019-09-02T13:59:07.335Z,2019-09-02T13:59:32.741Z,ETC/BTC,cointiger,kraken,2.0256,34.05570889201359,0.023199857665776032,44.991,0.03056373603
2019-09-02T14:01:36.281Z,2019-09-02T14:01:36.689Z,ETC/BTC,bittrex,kraken,2.1844,28.21818792648718,0.01919375284324805,38.77122945,0.026296586374462503
2019-09-02T14:01:36.286Z,2019-09-02T14:01:39.352Z,ETC/BTC,poloniex,kraken,2.1481,27.829504758365957,0.018922490452302876,40.705,0.02759799
2019-09-02T14:01:36.286Z,2019-09-02T14:01:42.692Z,ETC/BTC,hitbtc,kraken,2.2526,31.253295868948918,0.021249638695887085,37.671,0.025540938
2019-09-02T14:01:36.287Z,2019-09-02T14:01:45.354Z,ETC/BTC,binance,kraken,2.374,26.37622258310673,0.01790824329700577,40.705,0.027557284999999997
2019-09-02T14:01:36.287Z,2019-09-02T14:01:48.876Z,ETC/BTC,kucoin,kraken,2.2981,27.08338925163252,0.018401775657123844,40.705,0.027577637500000002
2019-09-02T14:01:36.290Z,2019-09-02T14:01:57.359Z,ETC/BTC,exmo,kraken,2.1693,24.304402652015323,0.016535012570420646,40,0.027134
2019-09-02T14:03:34.587Z,2019-09-02T14:03:47.964Z,ETC/BTC,kucoin,kraken,2.0847,33.07115606539368,0.022448756431744342,40.939,0.0277116091
2019-09-02T14:03:34.589Z,2019-09-02T14:03:59.852Z,ETC/BTC,cointiger,kraken,2.1865,34.02917379104381,0.023113537427456338,45.671,0.03093433843
2019-09-02T14:05:34.598Z,2019-09-02T14:05:35.946Z,ETC/BTC,bittrex,kraken,1.9243,31.253295868948918,0.021249638695887085,86.491,0.058640898
2019-09-02T14:05:34.599Z,2019-09-02T14:05:41.850Z,ETC/BTC,binance,kraken,2.0801,26.37622258310673,0.01790824329700577,38.238,0.025887126
2019-09-02T14:05:34.601Z,2019-09-02T14:05:53.859Z,ETC/BTC,exmo,kraken,1.8774,34.088382550955025,0.023188609326757228,41.271,0.02799618285
2019-09-02T14:05:34.601Z,2019-09-02T14:05:56.565Z,ETC/BTC,cointiger,kraken,1.879,36.50238027147367,0.024866120591298453,41.271,0.028036628430000002
2019-09-02T14:05:34.599Z,2019-09-02T14:05:59.841Z,ETC/BTC,poloniex,kraken,2.3841,35.37756712449873,0.0240844766367428,41.271,0.028018469190000003
2019-09-02T14:07:34.634Z,2019-09-02T14:07:35.844Z,ETC/BTC,bittrex,kraken,2.3719,26.562284967545995,0.018011613792437643,45.671,0.030879989939999998
2019-09-02T14:07:34.635Z,2019-09-02T14:07:38.554Z,ETC/BTC,poloniex,kraken,2.0589,28.052309613165818,0.01905001799955412,45.671,0.030926117649999998
2019-09-02T14:07:34.636Z,2019-09-02T14:07:41.823Z,ETC/BTC,binance,kraken,2.3841,26.368142337254834,0.017876315007503023,45.671,0.030873595999999996
2019-09-02T14:07:34.637Z,2019-09-02T14:07:44.559Z,ETC/BTC,kucoin,kraken,2.3079,26.646366548362938,0.018070210586469192,45.671,0.030882730199999996
2019-09-02T14:07:34.637Z,2019-09-02T14:07:47.872Z,ETC/BTC,gateio,kraken,2.0801,27.820540225959224,0.018888496975412925,45.671,0.030919266999999997
2019-09-02T14:07:34.638Z,2019-09-02T14:07:53.943Z,ETC/BTC,exmo,kraken,2.1802,34.06179730622638,0.023102215647184173,49.318,0.0333562293
2019-09-02T14:07:34.640Z,2019-09-02T14:07:56.555Z,ETC/BTC,cointiger,kraken,2.3338,34.01592095445327,0.02307042718709311,49.318,0.03335524294
2019-09-02T14:07:59.563Z,2019-09-02T14:08:05.861Z,ETC/BTC,hitbtc,kraken,2.1606,29.945513016879396,0.020309687672496777,41.271,0.0279115773
2019-09-02T14:09:34.608Z,2019-09-02T14:09:35.837Z,ETC/BTC,bittrex,kraken,2.5192,31.495312460063182,0.021386658873265747,45.671,0.03092520423
2019-09-02T14:09:34.609Z,2019-09-02T14:09:41.863Z,ETC/BTC,hitbtc,kraken,2.303,30.48776720723079,0.02068650555630311,53.67,0.036313121999999996
2019-09-02T14:09:34.610Z,2019-09-02T14:09:44.565Z,ETC/BTC,binance,kraken,2.379,27.81158111255752,0.01885452514495126,40.821,0.027594995999999997
2019-09-02T14:09:34.610Z,2019-09-02T14:09:47.828Z,ETC/BTC,kucoin,kraken,2.3943,27.81158111255752,0.01885452514495126,40.821,0.027594995999999997
2019-09-02T14:09:34.612Z,2019-09-02T14:09:59.878Z,ETC/BTC,cointiger,kraken,2.177,31.893037261072312,0.02166304183262367,45.671,0.03093433843
2019-09-02T14:11:34.640Z,2019-09-02T14:11:35.877Z,ETC/BTC,bittrex,kraken,2.6666,33.57677368865205,0.0227996110955358,38.77122945,0.026253162597478497
2019-09-02T14:11:34.641Z,2019-09-02T14:11:38.562Z,ETC/BTC,poloniex,kraken,2.5262,32.206606826980355,0.02184883443848014,45.671,0.03089597479
2019-09-02T14:11:34.644Z,2019-09-02T14:11:59.847Z,ETC/BTC,cointiger,kraken,2.4759,26.830381347051773,0.018198451244562933,40.763,0.027569239790000002
2019-09-02T14:13:34.619Z,2019-09-02T14:13:41.862Z,ETC/BTC,kucoin,kraken,2.4044,26.21521209262967,0.01771746408944675,40.88,0.027549032
2019-09-02T14:13:34.621Z,2019-09-02T14:13:54.486Z,ETC/BTC,cointiger,kraken,2.3387,26.813682555337046,0.018133347225604442,40.88,0.0275666104
2019-09-02T14:13:56.579Z,2019-09-02T14:14:05.594Z,ETC/BTC,binance,kraken,2.3891,26.35199573045151,0.017812516413357713,40.88,0.027553120000000004
2019-09-02T14:15:34.623Z,2019-09-02T14:15:35.859Z,ETC/BTC,bittrex,kraken,2.1516,34.90550870966527,0.023617235124396337,41.116,0.02774178752
2019-09-02T14:15:34.624Z,2019-09-02T14:15:38.575Z,ETC/BTC,poloniex,kraken,2.2034,34.382776418134426,0.02325606786369089,41.116,0.027732741999999998
2019-09-02T14:15:34.625Z,2019-09-02T14:15:41.870Z,ETC/BTC,hitbtc,kraken,2.333,26.762727409901714,0.01807125550384644,45.671,0.030750284300000003
2019-09-02T14:15:34.625Z,2019-09-02T14:15:44.572Z,ETC/BTC,binance,kraken,2.3941,26.34392936154921,0.017780646075511396,45.671,0.030736582999999998
2019-09-02T14:15:34.625Z,2019-09-02T14:15:47.860Z,ETC/BTC,kucoin,kraken,2.3025,31.797849242200936,0.021501787212046205,45.671,0.030795955299999997
2019-09-02T14:15:34.626Z,2019-09-02T14:15:50.886Z,ETC/BTC,gateio,kraken,1.9375,38.29260628544531,0.025957455487680227,41.116,0.027794416
2019-09-02T14:15:34.627Z,2019-09-02T14:15:56.890Z,ETC/BTC,cointiger,kraken,2.1912,28.307746806117677,0.019143364615307603,42.95,0.028962473500000002
2019-09-02T14:17:34.648Z,2019-09-02T14:17:44.581Z,ETC/BTC,binance,kraken,2.5367,26.35199573045151,0.017812516413357713,44.107,0.029728118
2019-09-02T14:17:34.648Z,2019-09-02T14:17:48.454Z,ETC/BTC,kucoin,kraken,2.5214,25.17739216839896,0.01702137449696014,44.107,0.029732528699999997
2019-09-02T14:17:34.648Z,2019-09-02T14:17:50.582Z,ETC/BTC,gateio,kraken,2.2318,27.81158111255752,0.01885452514495126,44.107,0.029816331999999997
2019-09-02T14:17:34.650Z,2019-09-02T14:17:56.584Z,ETC/BTC,cointiger,kraken,2.3338,28.31701879506818,0.019178030679572324,44.107,0.02978678031
2019-09-02T14:19:34.631Z,2019-09-02T14:19:41.941Z,ETC/BTC,hitbtc,kraken,2.0589,27.80262741324891,0.018820574941296256,44.107,0.029772225
2019-09-02T14:19:34.632Z,2019-09-02T14:19:44.598Z,ETC/BTC,binance,kraken,2.0893,27.80262741324891,0.018820574941296256,44.107,0.029772225
2019-09-02T14:19:34.632Z,2019-09-02T14:19:48.512Z,ETC/BTC,kucoin,kraken,2.1805,25.559651036896756,0.01728739113712599,44.107,0.0297457608
2019-09-02T14:19:34.632Z,2019-09-02T14:19:50.596Z,ETC/BTC,gateio,kraken,1.9375,29.432197946391334,0.01998232381925507,44.107,0.029860439
2019-09-02T14:19:34.634Z,2019-09-02T14:19:53.868Z,ETC/BTC,cointiger,kraken,2.3269,29.988498726173262,0.020309660295485303,44.107,0.02978678031
2019-09-02T14:21:34.637Z,2019-09-02T14:21:38.592Z,ETC/BTC,poloniex,kraken,2.4808,23.216601180321696,0.015679993217873313,24.39995202,0.016430927690268
2019-09-02T14:21:34.646Z,2019-09-02T14:21:44.583Z,ETC/BTC,binance,kraken,2.0847,26.368142337254834,0.017876315007503023,44.107,0.029816331999999997
2019-09-02T14:21:34.648Z,2019-09-02T14:21:50.586Z,ETC/BTC,exmo,kraken,2.0285,34.075085006243285,0.023145395818525198,40.939,0.027730031649999997
2019-09-02T14:21:34.648Z,2019-09-02T14:21:53.854Z,ETC/BTC,cointiger,kraken,2.0346,26.830381347051773,0.018198451244562933,44.107,0.029830887310000002
2019-09-02T14:21:34.647Z,2019-09-02T14:21:56.884Z,ETC/BTC,gateio,kraken,1.9331,35.63771003182865,0.02422972170584443,40.939,0.027756642
2019-09-02T14:21:59.593Z,2019-09-02T14:22:05.898Z,ETC/BTC,kucoin,kraken,2.4095,32.02284166817104,0.021721317397845503,40.939,0.027691139599999998
2019-09-02T14:23:34.698Z,2019-09-02T14:23:47.925Z,ETC/BTC,gateio,kraken,1.9331,38.34274906426712,0.026106783573571296,44.107,0.029948653000000002
2019-09-02T14:23:34.700Z,2019-09-02T14:23:57.433Z,ETC/BTC,cointiger,kraken,2.0346,31.881356180569348,0.02162313877253581,44.107,0.029830887310000002
2019-09-02T14:25:34.712Z,2019-09-02T14:25:44.605Z,ETC/BTC,binance,kraken,2.2367,31.23084450787223,0.021171740237916417,44.107,0.029816331999999997
2019-09-02T14:27:34.662Z,2019-09-02T14:27:47.933Z,ETC/BTC,kucoin,kraken,2.3586,29.41221777114484,0.019909771424082973,44.107,0.029772225
2019-09-02T14:27:34.662Z,2019-09-02T14:27:50.613Z,ETC/BTC,gateio,kraken,2.0847,38.34274906426712,0.026106783573571296,44.107,0.029948653000000002
2019-09-02T14:27:59.905Z,2019-09-02T14:28:05.990Z,ETC/BTC,cointiger,kraken,2.3387,26.813682555337046,0.018133347225604442,45.748,0.03084924884
2019-09-02T14:31:34.699Z,2019-09-02T14:31:41.916Z,ETC/BTC,cointiger,kraken,2.6447,31.846361454868994,0.021503602865570865,44.107,0.029698566309999997
2019-09-02T14:31:34.694Z,2019-09-02T14:31:44.623Z,ETC/BTC,bittrex,kraken,2.5818,30.94870968460343,0.02088339547416452,44.107,0.02967827709
2019-09-02T14:31:34.695Z,2019-09-02T14:31:47.922Z,ETC/BTC,poloniex,kraken,2.5573,29.375168034574997,0.01982548795547732,44.107,0.02968356993
2019-09-02T14:31:50.896Z,2019-09-02T14:31:53.885Z,ETC/BTC,hitbtc,kraken,2.3839,27.92940274045299,0.018825135420409478,44.107,0.0296443147
2019-09-02T14:45:44.739Z,2019-09-02T14:46:04.025Z,ETC/BTC,cointiger,kraken,1.9004,31.846361454868994,0.021503602865570865,41.116,0.027684636279999997
2019-09-02T14:45:49.030Z,2019-09-02T14:46:06.688Z,ETC/BTC,gateio,kraken,2.2463,33.251042993817315,0.02247412829857932,41.116,0.027712184
2019-09-02T14:47:34.731Z,2019-09-02T14:47:41.967Z,ETC/BTC,hitbtc,kraken,2.3533,26.89690286650423,0.01813754535081448,50,0.03362
2019-09-02T14:47:34.731Z,2019-09-02T14:47:44.680Z,ETC/BTC,binance,kraken,2.3992,27.7847362372912,0.01875273933603707,50,0.03365
2019-09-02T14:47:34.732Z,2019-09-02T14:47:50.684Z,ETC/BTC,gateio,kraken,2.2463,27.7847362372912,0.01875273933603707,32.53747993,0.02189772399289
2019-09-02T14:47:34.734Z,2019-09-02T14:47:56.695Z,ETC/BTC,cointiger,kraken,2.3487,28.29848052045412,0.01910872099131566,50,0.0336665
2019-09-02T14:49:34.742Z,2019-09-02T14:49:42.000Z,ETC/BTC,hitbtc,kraken,1.8984,29.718003906818552,0.02000344483434247,70,0.046984000000000005
2019-09-02T14:49:34.744Z,2019-09-02T14:49:44.686Z,ETC/BTC,binance,kraken,1.9595,29.372333962371176,0.019764958484963468,70.68,0.04742628000000001
2019-09-02T14:49:34.745Z,2019-09-02T14:49:50.687Z,ETC/BTC,gateio,kraken,1.655,31.197224559133833,0.021055099877992048,90.76462951,0.06108459566023
2019-09-02T14:49:34.746Z,2019-09-02T14:49:54.066Z,ETC/BTC,exmo,kraken,1.7553,29.975207744633224,0.020210781528848823,200,0.134468
2019-09-02T14:53:34.811Z,2019-09-02T14:53:48.004Z,ETC/BTC,kucoin,kraken,2.0971,35.536434208670485,0.02391143594387759,63.721,0.042756791
2019-09-02T14:55:34.774Z,2019-09-02T14:55:36.015Z,ETC/BTC,bittrex,kraken,2.0282,30.376421432766673,0.020397132895189882,39.772,0.02663053576
2019-09-02T14:55:34.775Z,2019-09-02T14:55:38.701Z,ETC/BTC,poloniex,kraken,2.0481,30.140744204352348,0.020235003215642786,39.772,0.0266253654
2019-09-02T14:55:34.776Z,2019-09-02T14:55:41.980Z,ETC/BTC,hitbtc,kraken,1.9639,30.78376580160829,0.020677357728237828,39.772,0.0266392856
2019-09-02T14:55:34.777Z,2019-09-02T14:55:44.699Z,ETC/BTC,binance,kraken,1.9639,31.163672936199013,0.0209387076363442,39.772,0.02664724
2019-09-02T14:55:34.777Z,2019-09-02T14:55:47.994Z,ETC/BTC,kucoin,kraken,2.0711,31.3571635488908,0.021071815833695964,39.772,0.026651217199999997
2019-09-02T14:55:34.778Z,2019-09-02T14:55:50.705Z,ETC/BTC,gateio,kraken,1.8112,33.21306146586708,0.022348545607615847,39.772,0.026687012
2019-09-02T14:55:34.778Z,2019-09-02T14:55:56.708Z,ETC/BTC,cointiger,kraken,2.0665,31.811439326747948,0.021384326239497698,39.772,0.02666036476
2019-09-02T14:57:34.754Z,2019-09-02T14:57:44.705Z,ETC/BTC,binance,kraken,1.9639,31.163672936199013,0.0209387076363442,39.772,0.02664724
2019-09-02T15:01:34.791Z,2019-09-02T15:01:38.717Z,ETC/BTC,poloniex,kraken,1.8363,35.56531423437734,0.024002191959635034,40,0.02692
2019-09-02T15:01:34.792Z,2019-09-02T15:01:42.044Z,ETC/BTC,hitbtc,kraken,1.818,33.907793569420015,0.022894085624351374,41.175,0.0277231275
2019-09-02T15:01:34.793Z,2019-09-02T15:01:44.722Z,ETC/BTC,kucoin,kraken,1.7117,34.36925308896973,0.02321245810067279,40.757454,0.027450145269000005
2019-09-02T15:01:34.794Z,2019-09-02T15:01:56.724Z,ETC/BTC,cointiger,kraken,1.7527,36.426521827953344,0.024631819312525092,41.175,0.02776553775
2019-09-02T15:01:59.728Z,2019-09-02T15:02:06.042Z,ETC/BTC,binance,kraken,1.9506,35.57977099841119,0.02404762471471593,41.175,0.027751949999999997
2019-09-02T15:03:34.788Z,2019-09-02T15:03:37.287Z,MKR/BTC,hitbtc,bittrex,1.5065,0.5374540532045378,0.02555533407868794,1.03546232,0.0491119778376
2019-09-02T15:05:34.790Z,2019-09-02T15:05:42.080Z,ETC/BTC,binance,kraken,1.9462,35.594238947177985,0.02409309402440615,40,0.027000000000000003
2019-09-02T15:05:34.790Z,2019-09-02T15:05:44.738Z,ETC/BTC,kucoin,kraken,1.9919,33.69467931645188,0.022780646411179807,40,0.026968
2019-09-02T15:05:34.790Z,2019-09-02T15:05:48.005Z,ETC/BTC,gateio,kraken,1.7945,33.251042993817315,0.02247412829857932,40,0.02696
2019-09-02T15:05:34.792Z,2019-09-02T15:05:56.748Z,ETC/BTC,cointiger,kraken,1.8961,36.441669482208255,0.024678602457563606,40,0.0270132
2019-09-02T15:05:59.751Z,2019-09-02T15:06:06.021Z,ETC/BTC,hitbtc,kraken,2.0223,34.382776418134426,0.02325606786369089,40,0.026979999999999997
2019-09-02T15:07:34.817Z,2019-09-02T15:07:42.019Z,ETC/BTC,hitbtc,kraken,1.6965,30.273137811076253,0.020446810341613893,41.057,0.027651889500000002
2019-09-02T15:07:34.818Z,2019-09-02T15:07:44.741Z,ETC/BTC,binance,kraken,1.651,31.20842360665775,0.021093952391866993,41.057,0.027672418
2019-09-02T15:07:34.818Z,2019-09-02T15:07:48.041Z,ETC/BTC,kucoin,kraken,1.7117,30.455684645990548,0.020573117972470408,41.057,0.027655995200000002
2019-09-02T15:07:34.819Z,2019-09-02T15:08:00.094Z,ETC/BTC,cointiger,kraken,1.601,34.00267791262693,0.023027350150109618,41.057,0.02772702381
2019-09-02T15:09:36.792Z,2019-09-02T15:09:43.163Z,ETC/BTC,hitbtc,kraken,2.0528,30.273137811076253,0.020446810341613893,41.057,0.027651889500000002
2019-09-02T15:09:36.792Z,2019-09-02T15:09:45.827Z,ETC/BTC,binance,kraken,2.0985,29.392263126105323,0.0198373163748059,41.057,0.027631361
2019-09-02T15:09:36.794Z,2019-09-02T15:09:57.834Z,ETC/BTC,cointiger,kraken,2.0802,31.85801828586701,0.02154341931900622,41.057,0.02768596681
2019-09-02T15:11:34.800Z,2019-09-02T15:11:42.040Z,ETC/BTC,hitbtc,kraken,1.7572,32.19141868793095,0.021742010512603,41.116,0.027691626
2019-09-02T15:11:34.800Z,2019-09-02T15:11:44.748Z,ETC/BTC,binance,kraken,1.8028,31.197224559133833,0.021055099877992048,41.116,0.027671068
2019-09-02T15:11:34.801Z,2019-09-02T15:11:50.752Z,ETC/BTC,gateio,kraken,1.4997,35.594238947177985,0.02409309402440615,37.255271,0.025147307925
2019-09-02T15:11:34.802Z,2019-09-02T15:11:56.752Z,ETC/BTC,cointiger,kraken,1.601,33.98944465470869,0.02298430627970898,42.114,0.028398733619999998
2019-09-02T15:15:34.813Z,2019-09-02T15:15:47.754Z,ETC/BTC,cointiger,kraken,0.8661,39.24007440526054,0.026533837266866502,189.927,0.12807347390999999
2019-09-02T15:15:51.130Z,2019-09-02T15:15:54.049Z,ETC/BTC,hitbtc,kraken,1.8442,33.03357570574158,0.022323875356490476,70,0.047173
2019-09-02T15:15:51.130Z,2019-09-02T15:15:56.759Z,ETC/BTC,binance,kraken,1.7986,33.251042993817315,0.02247412829857932,160.858,0.108418292
2019-09-02T15:17:34.844Z,2019-09-02T15:17:42.071Z,ETC/BTC,hitbtc,kraken,1.6094,36.07332559928855,0.02435217523151985,41.235,0.027759402
2019-09-02T15:17:34.845Z,2019-09-02T15:17:44.772Z,ETC/BTC,binance,kraken,1.655,35.56531423437734,0.024002191959635034,41.235,0.027751155
2019-09-02T15:17:34.845Z,2019-09-02T15:17:48.081Z,ETC/BTC,kucoin,kraken,1.5488,37.13415403009096,0.02508300967886643,41.235,0.027775896
2019-09-02T15:21:35.852Z,2019-09-02T15:21:42.160Z,ETC/BTC,hitbtc,kraken,1.742,35.33089539485752,0.023875919204605994,41.175,0.027747832499999996
2019-09-02T15:21:35.853Z,2019-09-02T15:21:53.905Z,ETC/BTC,kucoin,kraken,1.6965,36.34788312507718,0.024577564502495777,41.175,0.027764302499999997
2019-09-02T15:21:35.855Z,2019-09-02T15:21:57.283Z,ETC/BTC,cointiger,kraken,1.601,33.98944465470869,0.02298430627970898,41.116,0.027725752279999998
2019-09-02T15:23:35.081Z,2019-09-02T15:23:41.817Z,ETC/BTC,hitbtc,kraken,2.0832,30.273137811076253,0.020446810341613893,32,0.021552
2019-09-02T15:23:35.081Z,2019-09-02T15:23:45.152Z,ETC/BTC,binance,kraken,2.0985,31.20842360665775,0.021093952391866993,42,0.028308
2019-09-02T15:23:35.082Z,2019-09-02T15:23:47.815Z,ETC/BTC,kucoin,kraken,1.9919,33.03357570574158,0.022323875356490476,37.21,0.025075819
2019-09-02T15:23:35.083Z,2019-09-02T15:23:51.124Z,ETC/BTC,exmo,kraken,2.4196,34.03525139657734,0.02301595516719992,37.21,0.0250925635
2019-09-02T15:23:35.083Z,2019-09-02T15:23:53.830Z,ETC/BTC,cointiger,kraken,2.0482,33.98944465470869,0.02298430627970898,37.21,0.025091819300000002
2019-09-02T15:23:57.107Z,2019-09-02T15:24:03.120Z,ETC/BTC,gateio,kraken,1.7945,33.26372181054147,0.022516052352997983,42,0.02835
2019-09-02T15:25:34.913Z,2019-09-02T15:25:42.120Z,ETC/BTC,hitbtc,kraken,1.8703,32.20332259089475,0.02178234194241454,42,0.028329
2019-09-02T15:25:34.913Z,2019-09-02T15:25:44.836Z,ETC/BTC,binance,kraken,1.9462,31.20842360665775,0.021093952391866993,42,0.028308
2019-09-02T15:25:34.914Z,2019-09-02T15:25:48.116Z,ETC/BTC,kucoin,kraken,1.9919,35.57977099841119,0.02404762471471593,41.175,0.027751949999999997
2019-09-02T15:25:34.914Z,2019-09-02T15:25:50.825Z,ETC/BTC,gateio,kraken,1.6431,35.60871809366334,0.024138599931144276,42,0.028391999999999997
2019-09-02T15:25:34.915Z,2019-09-02T15:25:56.834Z,ETC/BTC,cointiger,kraken,1.8961,39.25759293559066,0.026585046152573875,41.175,0.02780671275
2019-09-02T15:27:36.826Z,2019-09-02T15:27:43.157Z,ETC/BTC,hitbtc,kraken,1.9919,31.016773056417815,0.020961345727037558,32,0.0215648
2019-09-02T15:27:36.826Z,2019-09-02T15:27:45.862Z,ETC/BTC,binance,kraken,1.9462,31.20842360665775,0.021093952391866993,32,0.021568
2019-09-02T15:27:36.828Z,2019-09-02T15:27:55.153Z,ETC/BTC,cointiger,kraken,1.8961,39.25759293559066,0.026585046152573875,41.175,0.02780671275
2019-09-02T15:27:59.425Z,2019-09-02T15:28:04.167Z,ETC/BTC,kucoin,kraken,1.9919,36.08818813148234,0.024398394424306157,41.175,0.027760185
2019-09-02T15:29:34.900Z,2019-09-02T15:29:38.830Z,ETC/BTC,poloniex,kraken,2.132,33.23837333741022,0.022432235845691307,41.175,0.027710774999999997
2019-09-02T15:29:34.900Z,2019-09-02T15:29:42.127Z,ETC/BTC,hitbtc,kraken,1.8855,37.14988199110411,0.02513088360019933,41.175,0.027776655
2019-09-02T15:29:34.901Z,2019-09-02T15:29:44.826Z,ETC/BTC,binance,kraken,1.9462,31.20842360665775,0.021093952391866993,32,0.021568
2019-09-02T15:29:34.901Z,2019-09-02T15:29:48.109Z,ETC/BTC,kucoin,kraken,1.9919,34.85733189042714,0.023583948698216728,37.21,0.025105587
2019-09-02T15:31:34.914Z,2019-09-02T15:31:36.676Z,ETC/BTC,bittrex,kraken,1.9599,31.035832157193163,0.02097453308175844,38.99835306,0.0262813801106646
2019-09-02T15:31:34.916Z,2019-09-02T15:31:38.836Z,ETC/BTC,poloniex,kraken,2.132,33.23837333741022,0.022432235845691307,41.175,0.027710774999999997
2019-09-02T15:31:34.916Z,2019-09-02T15:31:42.146Z,ETC/BTC,hitbtc,kraken,1.8855,36.87864642894276,0.02494375139480891,41.175,0.027772537499999996
2019-09-02T15:31:34.917Z,2019-09-02T15:31:44.832Z,ETC/BTC,binance,kraken,1.7945,33.26372181054147,0.022516052352997983,42,0.02835
2019-09-02T15:31:34.917Z,2019-09-02T15:31:48.132Z,ETC/BTC,kucoin,kraken,1.9919,39.166274543985686,0.026522043307823092,41.175,0.0278054775
2019-09-02T15:31:34.917Z,2019-09-02T15:31:50.835Z,ETC/BTC,gateio,kraken,1.6431,35.60871809366334,0.024138599931144276,42,0.028391999999999997
2019-09-02T15:31:34.918Z,2019-09-02T15:31:56.841Z,ETC/BTC,cointiger,kraken,1.7445,34.00267791262693,0.023027350150109618,42,0.02836386
2019-09-02T15:33:34.932Z,2019-09-02T15:33:38.838Z,ETC/BTC,poloniex,kraken,1.9462,29.402237260408604,0.019873531742872583,37.21,0.02507954
2019-09-02T15:33:34.933Z,2019-09-02T15:33:42.133Z,ETC/BTC,hitbtc,kraken,1.8855,34.16366569769687,0.023138740663884178,70,0.047278
2019-09-02T15:33:34.933Z,2019-09-02T15:33:44.835Z,ETC/BTC,binance,kraken,1.7945,31.21963025365809,0.0211328325024754,160.858,0.10857915000000001
2019-09-02T15:35:34.899Z,2019-09-02T15:35:42.147Z,ETC/BTC,hitbtc,kraken,1.866,32.01106768888485,0.021681232197566742,40,0.027016000000000002
2019-09-02T15:35:34.900Z,2019-09-02T15:35:44.843Z,ETC/BTC,binance,kraken,1.7903,33.2764097975205,0.022558008043231933,40,0.027039999999999998
2019-09-02T15:35:34.901Z,2019-09-02T15:35:50.848Z,ETC/BTC,gateio,kraken,1.6392,35.62320845087195,0.024184142477433893,40,0.02708
2019-09-02T15:35:34.902Z,2019-09-02T15:35:56.844Z,ETC/BTC,cointiger,kraken,1.7404,34.01592095445327,0.02307042718709311,235.551,0.15931020783
2019-09-02T15:37:36.876Z,2019-09-02T15:37:45.913Z,ETC/BTC,binance,kraken,1.7945,33.26372181054147,0.022516052352997983,53.057,0.035813475000000004
2019-09-02T15:37:36.876Z,2019-09-02T15:37:49.253Z,ETC/BTC,kucoin,kraken,1.7339,34.16366569769687,0.023138740663884178,53.057,0.0358346978
2019-09-02T15:37:36.877Z,2019-09-02T15:37:51.908Z,ETC/BTC,gateio,kraken,1.4922,38.30930662794257,0.0260071885585134,53.057,0.035919589
2019-09-02T15:41:36.856Z,2019-09-02T15:41:45.900Z,ETC/BTC,binance,kraken,1.6431,35.60871809366334,0.024138599931144276,49.21,0.03326596
2019-09-02T15:41:36.857Z,2019-09-02T15:41:57.894Z,ETC/BTC,cointiger,kraken,1.5933,34.01592095445327,0.02307042718709311,37.21,0.025166239300000004
2019-09-02T15:43:34.893Z,2019-09-02T15:43:44.859Z,ETC/BTC,binance,kraken,1.6431,35.60871809366334,0.024138599931144276,50,0.0338
2019-09-02T15:43:34.895Z,2019-09-02T15:43:56.855Z,ETC/BTC,cointiger,kraken,1.5933,36.4568291394042,0.024725424112133573,50,0.0338165
2019-09-02T15:45:34.931Z,2019-09-02T15:45:42.214Z,ETC/BTC,hitbtc,kraken,1.7793,33.48423467575485,0.022668629403109868,51.057,0.0344685807
2019-09-02T15:45:34.931Z,2019-09-02T15:45:44.858Z,ETC/BTC,binance,kraken,1.7945,33.26372181054147,0.022516052352997983,51.057,0.034463475
2019-09-02T15:45:34.932Z,2019-09-02T15:45:48.161Z,ETC/BTC,kucoin,kraken,1.749,33.934146534254864,0.022979931984543664,51.057,0.0344787921
2019-09-02T15:45:34.934Z,2019-09-02T15:45:56.861Z,ETC/BTC,cointiger,kraken,1.7445,34.00267791262693,0.023027350150109618,51.057,0.034480323810000005
2019-09-02T15:47:35.031Z,2019-09-02T15:47:42.156Z,ETC/BTC,hitbtc,kraken,1.8551,32.83129349586592,0.0222168469684314,51.057,0.034453263600000006
2019-09-02T15:47:35.033Z,2019-09-02T15:47:48.146Z,ETC/BTC,gateio,kraken,1.4922,38.30930662794257,0.0260071885585134,51.057,0.034565589
2019-09-02T15:47:35.033Z,2019-09-02T15:47:50.859Z,ETC/BTC,exmo,kraken,1.7414,34.048519439975415,0.02305906877572671,50.825,0.034324663750000005
2019-09-02T15:47:56.865Z,2019-09-02T15:48:03.705Z,ETC/BTC,binance,kraken,1.9462,31.20842360665775,0.021093952391866993,51.057,0.034412418
2019-09-02T15:49:34.927Z,2019-09-02T15:49:42.834Z,ETC/BTC,binance,kraken,1.9462,31.20842360665775,0.021093952391866993,51.057,0.034412418
2019-09-02T15:49:34.928Z,2019-09-02T15:49:50.867Z,ETC/BTC,cointiger,kraken,1.9903,34.00267791262693,0.023027350150109618,51.057,0.034480323810000005
2019-09-02T15:49:53.873Z,2019-09-02T15:50:00.188Z,ETC/BTC,gateio,kraken,1.6431,35.60871809366334,0.024138599931144276,51.057,0.034514532
2019-09-02T15:51:35.772Z,2019-09-02T15:51:42.220Z,ETC/BTC,hitbtc,kraken,1.9007,31.797849242200936,0.021501787212046205,51.057,0.0344277351
2019-09-02T15:51:35.773Z,2019-09-02T15:51:44.879Z,ETC/BTC,binance,kraken,1.9462,31.20842360665775,0.021093952391866993,51.057,0.034412418
2019-09-02T15:51:35.776Z,2019-09-02T15:51:50.876Z,ETC/BTC,gateio,kraken,1.6431,35.60871809366334,0.024138599931144276,51.057,0.034514532
2019-09-02T15:51:35.776Z,2019-09-02T15:51:56.892Z,ETC/BTC,cointiger,kraken,1.7445,34.00267791262693,0.023027350150109618,51.057,0.034480323810000005
2019-09-02T15:53:34.930Z,2019-09-02T15:53:38.881Z,ETC/BTC,poloniex,kraken,2.0528,29.914529221824225,0.02019868223063083,48.90487007,0.032927649018131
2019-09-02T15:53:34.931Z,2019-09-02T15:53:42.158Z,ETC/BTC,binance,kraken,1.9462,31.20842360665775,0.021093952391866993,51.057,0.034412418
2019-09-02T15:53:34.933Z,2019-09-02T15:53:54.721Z,ETC/BTC,cointiger,kraken,1.8961,31.85801828586701,0.02154341931900622,51.057,0.034429266810000005
2019-09-02T15:55:34.935Z,2019-09-02T15:55:50.892Z,ETC/BTC,gateio,kraken,1.7945,33.26372181054147,0.022516052352997983,251.914,0.17004195
2019-09-02T15:57:34.972Z,2019-09-02T15:57:42.194Z,ETC/BTC,kucoin,kraken,1.931,31.40245650082356,0.02122820744581971,51.057,0.0344175237
2019-09-02T15:57:34.972Z,2019-09-02T15:57:44.891Z,ETC/BTC,gateio,kraken,1.7945,35.60871809366334,0.024138599931144276,51.057,0.034514532
2019-09-02T15:57:34.973Z,2019-09-02T15:57:50.894Z,ETC/BTC,cointiger,kraken,1.8961,31.85801828586701,0.02154341931900622,51.057,0.034429266810000005
2019-09-02T15:57:53.909Z,2019-09-02T15:58:03.057Z,ETC/BTC,binance,kraken,1.9462,31.21963025365809,0.0211328325024754,56.913,0.038416275
2019-09-02T16:05:34.988Z,2019-09-02T16:05:44.906Z,ETC/BTC,binance,kraken,0.7496,41.492028708958976,0.028292109796583562,322.312,0.21917216000000003
2019-09-02T16:05:34.989Z,2019-09-02T16:05:54.207Z,ETC/BTC,exmo,kraken,1.0783,35.66674691718938,0.024320990379637874,82.261,0.05593748
2019-09-02T16:05:34.990Z,2019-09-02T16:05:56.905Z,ETC/BTC,cointiger,kraken,0.699,39.39371359411955,0.026914612752097663,82.261,0.05604770974
2019-09-02T16:11:35.000Z,2019-09-02T16:11:48.247Z,ETC/BTC,kucoin,kraken,1.0391,54.5639521740805,0.03752608901874868,269.143,0.18460518369999998
2019-09-02T16:13:34.999Z,2019-09-02T16:13:54.239Z,ETC/BTC,cointiger,kraken,0.2492,57.28591050592484,0.03942303279863303,80.004,0.054909945360000004
2019-09-02T16:15:35.219Z,2019-09-02T16:15:42.235Z,ETC/BTC,gateio,kraken,0.4378,70.62182580003271,0.04878729621676445,160.858,0.11083116200000001
2019-09-02T16:21:34.994Z,2019-09-02T16:21:36.258Z,ETC/BTC,bittrex,kraken,0.6708,303.76882364735764,0.20998654083340956,430.321,0.29671493592000003
2019-09-02T16:28:15.013Z,2019-09-02T16:28:16.262Z,ETC/BTC,cointiger,kraken,0.6742,57.43343945569249,0.039754891221897494,81.369,0.05617227546
2019-09-02T16:35:47.983Z,2019-09-02T16:35:51.245Z,ETC/BTC,hitbtc,kraken,1.4077,37.35550729395665,0.02575691510308229,40.416,0.0277900416
2019-09-02T16:51:05.210Z,2019-09-02T16:51:05.501Z,ADA/BTC,binance,kucoin,0.1066,20018.53704380531,0.08991230672305543,64692,0.28982016
2019-09-02T16:51:15.108Z,2019-09-02T16:51:16.423Z,ADA/BTC,kraken,kucoin,0.1066,20018.53704380531,0.08991230672305543,107671.4229,0.48236797459200004
2019-09-02T16:53:05.083Z,2019-09-02T16:53:05.340Z,ADA/BTC,binance,kucoin,0.1066,20018.53704380531,0.08991230672305543,33616,0.15059968
2019-09-02T16:55:05.103Z,2019-09-02T16:55:05.415Z,ADA/BTC,binance,kucoin,0.1066,20018.53704380531,0.08991230672305543,33195,0.1487136
2019-09-02T17:11:35.133Z,2019-09-02T17:11:36.931Z,ETC/BTC,poloniex,kraken,0.8848,45.23364175327928,0.03102375791761954,58.164,0.03978359436
2019-09-02T17:11:35.134Z,2019-09-02T17:11:39.080Z,ETC/BTC,binance,kraken,0.8848,45.27417615720876,0.031052006507800288,58.164,0.039784176000000004
2019-09-02T17:17:35.257Z,2019-09-02T17:17:36.401Z,ETC/BTC,poloniex,kraken,1.1757,55.09140173129932,0.037783818330033817,57.925,0.0396207
2019-09-02T17:21:35.162Z,2019-09-02T17:21:39.110Z,ETC/BTC,hitbtc,kraken,1.5449,36.207509413085695,0.024769508693340412,40.705,0.027768951
2019-09-02T17:21:35.162Z,2019-09-02T17:21:42.582Z,ETC/BTC,binance,kraken,1.6198,35.695828854351724,0.024412406294403884,40.705,0.027760809999999997
2019-09-02T17:27:35.191Z,2019-09-02T17:27:39.140Z,ETC/BTC,binance,kraken,1.0514,49.50860429287337,0.033608115394762175,71.235,0.048226095
2019-09-02T17:35:35.221Z,2019-09-02T17:35:36.581Z,ETC/BTC,cointiger,kraken,0.2769,102.46651359834595,0.06907071116548966,181.178,0.12181140473999999
2019-09-02T17:48:35.265Z,2019-09-02T17:48:36.509Z,ETC/BTC,kucoin,kraken,1.3208,97.7933243368734,0.0658003117418303,172.766,0.1159432626
2019-09-02T18:02:05.307Z,2019-09-02T18:02:06.579Z,ETC/BTC,poloniex,kraken,0.3374,94.85524917523328,0.06380841130990578,132.4,0.088832456
2019-09-02T18:02:05.307Z,2019-09-02T18:02:09.250Z,ETC/BTC,hitbtc,kraken,0.4639,81.93191183621772,0.05504689235233032,120.27,0.080592927
2019-09-02T18:02:45.415Z,2019-09-02T18:02:46.566Z,ETC/BTC,kucoin,kraken,0.4036,87.61628575142927,0.05890067628705096,152.213,0.1020588165
2019-09-02T18:02:45.415Z,2019-09-02T18:02:49.255Z,ETC/BTC,gateio,kraken,0.1784,118.42637146371307,0.079788713407133,152.213,0.10228713599999999
2019-09-02T18:03:35.316Z,2019-09-02T18:03:36.560Z,ETC/BTC,cointiger,kraken,0.2789,102.35050255285395,0.06888990093113528,171.037,0.11482226921000001
2019-09-02T18:04:05.330Z,2019-09-02T18:04:06.584Z,ETC/BTC,poloniex,kraken,0.3299,95.75425549206261,0.06441790254899157,151.037,0.10134431663
2019-09-02T18:04:05.330Z,2019-09-02T18:04:09.280Z,ETC/BTC,binance,kraken,0.3284,95.936105338079,0.064541189655991,151.037,0.10134582700000001
2019-09-02T18:04:05.333Z,2019-09-02T18:04:12.578Z,ETC/BTC,exmo,kraken,0.1275,128.68290913117588,0.08674224614060629,151.037,0.10154821658
2019-09-02T18:04:35.353Z,2019-09-02T18:04:36.550Z,ETC/BTC,kucoin,kraken,0.4789,87.61628575142927,0.05890067628705096,151.037,0.1012703085
2019-09-02T18:04:35.354Z,2019-09-02T18:04:39.269Z,ETC/BTC,gateio,kraken,0.1784,95.936105338079,0.064541189655991,146.603486,0.098370939106
2019-09-02T18:05:45.373Z,2019-09-02T18:05:46.567Z,ETC/BTC,cointiger,kraken,0.58,72.83528433616621,0.048879733498472314,141.733,0.09486614889
2019-09-02T18:06:05.351Z,2019-09-02T18:06:09.280Z,ETC/BTC,poloniex,kraken,0.5559,74.55533220345774,0.05004585890415331,148.592,0.09948085808000001
2019-09-02T18:06:05.352Z,2019-09-02T18:06:15.279Z,ETC/BTC,binance,kraken,0.6299,69.52692252140675,0.04663679314969535,148.592,0.09940804800000001
2019-09-02T18:07:35.325Z,2019-09-02T18:07:36.595Z,ETC/BTC,cointiger,kraken,0.58,72.83528433616621,0.048879733498472314,148.592,0.09945708336
2019-09-02T18:08:05.331Z,2019-09-02T18:08:06.596Z,ETC/BTC,poloniex,kraken,0.7813,61.114638614309676,0.04093359257579835,148.592,0.09925945600000001
2019-09-02T18:08:05.331Z,2019-09-02T18:08:09.281Z,ETC/BTC,hitbtc,kraken,0.7055,65.04997972972976,0.043601600450450466,70,0.046795
2019-09-02T18:08:05.332Z,2019-09-02T18:08:12.566Z,ETC/BTC,binance,kraken,0.7813,61.114638614309676,0.04093359257579835,148.592,0.09925945600000001
2019-09-02T18:08:05.333Z,2019-09-02T18:08:15.282Z,ETC/BTC,exmo,kraken,0.5785,72.94045911873516,0.048951037901287416,148.592,0.09945856928000002
2019-09-02T18:08:35.387Z,2019-09-02T18:08:39.290Z,ETC/BTC,gateio,kraken,0.6299,69.52692252140675,0.04663679314969535,148.592,0.09940804800000001
2019-09-02T18:09:35.337Z,2019-09-02T18:09:37.154Z,ETC/BTC,cointiger,kraken,0.7313,63.65632630507117,0.042656757753852845,148.592,0.09930849136
2019-09-02T18:10:05.355Z,2019-09-02T18:10:06.589Z,ETC/BTC,poloniex,kraken,0.7813,61.114638614309676,0.04093359257579835,148.592,0.09925945600000001
2019-09-02T18:10:05.355Z,2019-09-02T18:10:09.287Z,ETC/BTC,hitbtc,kraken,0.7358,61.863153961959206,0.04144105680399493,70,0.046767
2019-09-02T18:10:05.356Z,2019-09-02T18:10:12.568Z,ETC/BTC,binance,kraken,0.7813,61.114638614309676,0.04093359257579835,85.31,0.05698708
2019-09-02T18:10:35.374Z,2019-09-02T18:10:36.657Z,ETC/BTC,gateio,kraken,0.6299,69.52692252140675,0.04663679314969535,89.214224,0.059684315856
2019-09-02T18:11:35.385Z,2019-09-02T18:11:36.640Z,ETC/BTC,cointiger,kraken,0.7313,63.65632630507117,0.042656757753852845,148.592,0.09930849136
2019-09-02T18:12:05.349Z,2019-09-02T18:12:09.301Z,ETC/BTC,hitbtc,kraken,0.842,56.978128413682754,0.038129199903049485,70,0.046717999999999996
2019-09-02T18:12:05.350Z,2019-09-02T18:12:12.598Z,ETC/BTC,binance,kraken,0.9331,54.518063263489225,0.03646137162581184,105.49,0.07036182999999999
2019-09-02T18:12:35.348Z,2019-09-02T18:12:39.302Z,ETC/BTC,gateio,kraken,0.6299,69.52692252140675,0.04663679314969535,148.592,0.09940804800000001
2019-09-02T18:13:35.352Z,2019-09-02T18:13:37.196Z,ETC/BTC,cointiger,kraken,0.883,56.531718746591906,0.03782655155003827,148.592,0.09915989936000001
2019-09-02T18:14:05.394Z,2019-09-02T18:14:09.304Z,ETC/BTC,hitbtc,kraken,0.8875,55.11295053812651,0.03686468200900671,70,0.046697
2019-09-02T18:14:05.394Z,2019-09-02T18:14:12.732Z,ETC/BTC,binance,kraken,0.9331,54.518063263489225,0.03646137162581184,148.592,0.099110864
2019-09-02T18:14:05.397Z,2019-09-02T18:14:15.307Z,ETC/BTC,exmo,kraken,0.7313,63.65632630507117,0.042656757753852845,148.592,0.09930849136
2019-09-02T18:14:18.312Z,2019-09-02T18:14:21.717Z,ETC/BTC,poloniex,kraken,0.9331,54.933125887498484,0.03674276790553745,148.592,0.09912126544000001
2019-09-02T18:15:35.396Z,2019-09-02T18:15:36.643Z,ETC/BTC,cointiger,kraken,0.5824,72.77622901684163,0.0487671382845371,149.128,0.09966671623999998
2019-09-02T18:16:15.363Z,2019-09-02T18:16:22.691Z,ETC/BTC,binance,kraken,0.4812,80.55202971436006,0.05403107556782645,149.128,0.099766632
2019-09-02T18:16:35.362Z,2019-09-02T18:16:39.314Z,ETC/BTC,gateio,kraken,0.4812,95.83427955903596,0.06437660882662065,149.128,0.09991575999999999
2019-09-02T18:18:05.369Z,2019-09-02T18:18:06.738Z,ETC/BTC,poloniex,kraken,0.4268,85.31369422457847,0.05725455110698907,149.128,0.09981882679999998
2019-09-02T18:18:05.370Z,2019-09-02T18:18:09.316Z,ETC/BTC,hitbtc,kraken,0.8447,59.6307988806423,0.039868155081315575,70,0.046676
2019-09-02T18:18:05.370Z,2019-09-02T18:18:12.595Z,ETC/BTC,binance,kraken,0.784,61.07285946353758,0.04084437820769881,149.128,0.09946837599999998
2019-09-02T18:18:45.402Z,2019-09-02T18:18:46.743Z,ETC/BTC,gateio,kraken,0.6323,69.47304549074288,0.04653100189254761,149.128,0.09961750399999998
2019-09-02T18:20:05.409Z,2019-09-02T18:20:12.664Z,ETC/BTC,exmo,kraken,0.5824,72.77622901684163,0.0487671382845371,149.128,0.09966671623999998
2019-09-02T18:20:05.405Z,2019-09-02T18:20:15.321Z,ETC/BTC,binance,kraken,0.784,61.07285946353758,0.04084437820769881,149.128,0.09946837599999998
2019-09-02T18:21:35.374Z,2019-09-02T18:21:36.695Z,ETC/BTC,cointiger,kraken,0.8858,56.495884484584394,0.03774593083570237,149.128,0.09936846024
2019-09-02T18:22:05.439Z,2019-09-02T18:22:06.721Z,ETC/BTC,hitbtc,kraken,0.9513,56.94173510580074,0.03804775566366477,70,0.046648
2019-09-02T18:22:05.440Z,2019-09-02T18:22:09.320Z,ETC/BTC,binance,kraken,0.9361,54.48469699817934,0.03638442927397237,143.11,0.09531126000000001
2019-09-02T18:22:05.442Z,2019-09-02T18:22:12.625Z,ETC/BTC,exmo,kraken,0.7339,63.61105371336195,0.042562644385501586,149.128,0.09951758824
2019-09-02T18:22:16.130Z,2019-09-02T18:22:21.627Z,ETC/BTC,poloniex,kraken,0.9452,51.69627684771955,0.03449676916507003,149.128,0.09924468399999999
2019-09-02T18:23:35.374Z,2019-09-02T18:23:36.633Z,ETC/BTC,cointiger,kraken,0.9482,56.495884484584394,0.03774593083570237,149.128,0.09936846024
2019-09-02T18:24:05.372Z,2019-09-02T18:24:09.324Z,ETC/BTC,poloniex,kraken,1.0123,51.69627684771955,0.03449676916507003,149.128,0.09924468399999999
2019-09-02T18:24:05.372Z,2019-09-02T18:24:12.627Z,ETC/BTC,hitbtc,kraken,0.9665,57.59100871055229,0.038487290531912875,70,0.046655
2019-09-02T18:24:05.372Z,2019-09-02T18:24:15.324Z,ETC/BTC,binance,kraken,0.9361,54.48469699817934,0.03638442927397237,135.33,0.09012978
2019-09-02T18:24:05.373Z,2019-09-02T18:24:18.651Z,ETC/BTC,exmo,kraken,0.7339,63.61105371336195,0.042562644385501586,149.128,0.09951758824
2019-09-02T18:24:35.380Z,2019-09-02T18:24:36.620Z,ETC/BTC,kucoin,kraken,0.8752,55.07886431670007,0.036786659169277106,149.128,0.09933416079999999
2019-09-02T18:25:45.422Z,2019-09-02T18:25:46.647Z,ETC/BTC,cointiger,kraken,0.8858,56.495884484584394,0.03774593083570237,149.128,0.09936846024
2019-09-02T20:28:18.761Z,2019-09-02T20:28:22.041Z,ETC/BTC,binance,kraken,1.1305,60.45276287216745,0.03952052269940168,154.219,0.100550788
2019-09-02T20:28:35.834Z,2019-09-02T20:28:39.753Z,ETC/BTC,gateio,kraken,0.6701,68.67454486147209,0.04496341633537972,154.219,0.100705007
2019-09-02T20:29:05.863Z,2019-09-02T20:29:07.100Z,ETC/BTC,cointiger,kraken,1.0839,50.35796536028025,0.03288788290572203,151.941,0.09896221212
2019-09-02T20:30:05.851Z,2019-09-02T20:30:07.059Z,ETC/BTC,bittrex,kraken,0.9981,53.16841671615645,0.034751229008948954,151.941,0.09904274085
2019-09-02T20:30:05.860Z,2019-09-02T20:30:13.096Z,ETC/BTC,binance,kraken,1.1338,48.80046650187017,0.03185525182227316,80.03,0.05209953
2019-09-02T20:30:18.768Z,2019-09-02T20:30:22.057Z,ETC/BTC,hitbtc,kraken,1.0402,53.44982920477325,0.03493780717653301,70,0.045633
2019-09-02T20:30:35.858Z,2019-09-02T20:30:39.769Z,ETC/BTC,gateio,kraken,0.6701,68.67454486147209,0.04496341633537972,154.219,0.100705007
2019-09-02T20:36:07.835Z,2019-09-02T20:36:08.275Z,ETC/BTC,bittrex,kraken,0.853,60.77543010376757,0.03967353811434373,81.187,0.05285679635
2019-09-02T20:36:07.836Z,2019-09-02T20:36:10.879Z,ETC/BTC,hitbtc,kraken,0.906,57.65269982135334,0.037609375943631555,81.187,0.052820262199999996
2019-09-02T22:52:36.280Z,2019-09-02T22:52:37.284Z,MKR/BTC,hitbtc,exmo,3.0944,0.29991660292310424,0.01419454919699223,0.5756751,0.027177621471000002
2019-09-02T22:54:36.334Z,2019-09-02T22:54:37.109Z,MKR/BTC,hitbtc,exmo,3.0944,0.29991660292310424,0.01419454919699223,0.5756751,0.027177621471000002
2019-09-02T22:56:36.289Z,2019-09-02T22:56:37.040Z,MKR/BTC,hitbtc,exmo,3.0944,0.29991660292310424,0.01419454919699223,0.5756751,0.027177621471000002
2019-09-02T22:58:36.326Z,2019-09-02T22:58:37.328Z,MKR/BTC,hitbtc,exmo,3.0944,0.29991660292310424,0.01419454919699223,0.5756751,0.027177621471000002
2019-09-02T23:00:36.311Z,2019-09-02T23:00:37.063Z,MKR/BTC,hitbtc,exmo,3.0944,0.29991660292310424,0.01419454919699223,0.5756751,0.027177621471000002
2019-09-02T23:02:36.325Z,2019-09-02T23:02:37.087Z,MKR/BTC,hitbtc,exmo,3.1603,0.29459934503417723,0.013934032179160382,0.5756751,0.027160351218
2019-09-02T23:04:36.363Z,2019-09-02T23:04:37.126Z,MKR/BTC,hitbtc,exmo,3.1603,0.29459934503417723,0.013934032179160382,0.5756751,0.027160351218
2019-09-02T23:06:46.338Z,2019-09-02T23:06:47.097Z,MKR/BTC,hitbtc,exmo,3.1603,0.29459934503417723,0.013934032179160382,0.5756751,0.027160351218
2019-09-02T23:08:36.375Z,2019-09-02T23:08:37.152Z,MKR/BTC,hitbtc,exmo,3.1603,0.29459934503417723,0.013934032179160382,0.5756751,0.027160351218
2019-09-02T23:10:36.400Z,2019-09-02T23:10:37.144Z,MKR/BTC,hitbtc,exmo,3.1603,0.29459934503417723,0.013934032179160382,0.5756751,0.027160351218
2019-09-02T23:13:16.396Z,2019-09-02T23:13:17.671Z,ETC/BTC,poloniex,kraken,0.1745,269.2231888112007,0.1766547589743668,735.0892,0.4811158814
2019-09-02T23:15:06.381Z,2019-09-02T23:15:07.675Z,ETC/BTC,poloniex,kraken,0.1745,175.60737390851284,0.11505358781876003,735.3628,0.4805595898
2019-09-02T23:17:06.384Z,2019-09-02T23:17:07.640Z,ETC/BTC,poloniex,kraken,0.2115,175.60737390851284,0.11505358781876003,735.2839,0.48050802865000003
2019-09-02T23:20:46.440Z,2019-09-02T23:20:47.455Z,MKR/BTC,hitbtc,exmo,3.1603,0.29459934503417723,0.013934032179160382,0.5756751,0.027160351218
2019-09-02T23:24:36.434Z,2019-09-02T23:24:37.458Z,MKR/BTC,hitbtc,exmo,3.1603,0.29459934503417723,0.013934032179160382,0.5756751,0.027160351218
2019-09-02T23:26:36.876Z,2019-09-02T23:26:37.664Z,MKR/BTC,hitbtc,exmo,3.1384,0.3296676521659343,0.01565219048278561,0.5756751,0.027263972735999998
2019-09-02T23:30:46.458Z,2019-09-02T23:30:47.485Z,MKR/BTC,hitbtc,exmo,3.6609,0.2571486239811008,0.012162678776369257,0.5756751,0.027160351218
2019-09-02T23:32:36.481Z,2019-09-02T23:32:37.467Z,MKR/BTC,hitbtc,exmo,3.6609,0.2571486239811008,0.012162678776369257,0.5756751,0.027160351218
2019-09-02T23:34:36.523Z,2019-09-02T23:34:37.269Z,MKR/BTC,hitbtc,exmo,3.6609,0.2571486239811008,0.012162678776369257,0.5756751,0.027160351218
2019-09-02T23:36:36.484Z,2019-09-02T23:36:38.975Z,MKR/BTC,hitbtc,exmo,3.6609,0.2571486239811008,0.012162678776369257,0.5756751,0.027160351218
2019-09-02T23:38:36.501Z,2019-09-02T23:38:37.507Z,MKR/BTC,hitbtc,exmo,3.6609,0.2571486239811008,0.012162678776369257,0.5756751,0.027160351218
2019-09-02T23:39:36.496Z,2019-09-02T23:39:37.230Z,MKR/BTC,bittrex,exmo,1.5607,0.5140554825064401,0.024867283228175222,0.54820406,0.0264529126243062
2019-09-02T23:41:46.477Z,2019-09-02T23:41:47.185Z,MKR/BTC,bittrex,exmo,2.0727,0.40972477129883006,0.01981998295788631,0.51404896,0.0248043839049216
2019-09-02T23:45:36.487Z,2019-09-02T23:45:37.074Z,MKR/BTC,bittrex,exmo,2.0751,0.4093445872413475,0.019801128255628738,0.50580612,0.024406070915199602
2019-09-02T23:46:36.527Z,2019-09-02T23:46:37.292Z,MKR/BTC,hitbtc,exmo,4.6954,0.20545148139833636,0.009717494628945873,0.50580612,0.0238639327416
2019-09-02T23:47:36.529Z,2019-09-02T23:47:37.119Z,MKR/BTC,bittrex,exmo,2.3606,0.3677704075909084,0.01778972747832397,0.50580612,0.024405600515508
2019-09-02T23:49:36.515Z,2019-09-02T23:49:37.112Z,MKR/BTC,bittrex,exmo,2.3616,0.3676347957600477,0.017782983407860255,0.50580612,0.024405347612448
2019-09-02T23:51:36.501Z,2019-09-02T23:51:37.215Z,MKR/BTC,bittrex,exmo,2.3625,0.3675155400512733,0.01777705273869908,0.50580612,0.024405125057755203
2019-09-02T23:53:36.542Z,2019-09-02T23:53:37.147Z,MKR/BTC,bittrex,exmo,2.3643,0.36729079091902034,0.01776587580837557,0.50580612,0.024404705238675602
2019-09-02T23:55:36.507Z,2019-09-02T23:55:37.095Z,MKR/BTC,bittrex,exmo,2.6783,0.3304231046352498,0.01598241153938382,0.50580612,0.0244044422194932
2019-09-02T23:57:36.535Z,2019-09-02T23:57:37.134Z,MKR/BTC,bittrex,exmo,2.6803,0.3302304832844909,0.01597280320328785,0.50580612,0.024403997110107604
2019-09-02T23:59:36.556Z,2019-09-02T23:59:37.147Z,MKR/BTC,bittrex,exmo,2.6821,0.33005556774467765,0.015964078068258367,0.50580612,0.0244035924652116
2019-09-03T00:18:36.613Z,2019-09-03T00:18:37.844Z,ETC/BTC,binance,kraken,0.5343,78.926001780944,0.0511204582962304,101.448,0.06553540799999999
2019-09-03T00:18:36.614Z,2019-09-03T00:18:43.828Z,ETC/BTC,cointiger,kraken,0.4843,83.08196292020594,0.053838593959486224,101.448,0.06556787136
2019-09-03T02:04:47.044Z,2019-09-03T02:04:48.271Z,ETC/BTC,binance,kraken,0.2225,358.4334033892816,0.23321280080164783,626.898,0.40685680199999996
2019-09-03T04:04:47.547Z,2019-09-03T04:04:48.765Z,ETC/BTC,poloniex,kraken,0.2206,210.11584389254799,0.13671345632708132,261.088,0.169446112
2019-09-03T05:44:37.994Z,2019-09-03T05:44:39.268Z,ETC/BTC,hitbtc,kraken,0.8154,61.101572634222975,0.039828203879206374,70,0.045507
2019-09-03T05:44:37.995Z,2019-09-03T05:44:41.946Z,ETC/BTC,binance,kraken,0.831,60.37100597283763,0.03934601892966862,70,0.0455
2019-09-03T05:44:48.026Z,2019-09-03T05:44:51.306Z,ETC/BTC,kucoin,kraken,0.7686,64.20961698842385,0.04187955975034558,70,0.045535000000000006
2019-09-03T06:04:38.135Z,2019-09-03T06:04:38.419Z,CRO/BTC,bittrex,cointiger,0.5553,12919.520132109219,0.04973529554616481,16212.035,0.062254214399999994
2019-09-03T06:06:38.146Z,2019-09-03T06:06:38.887Z,CRO/BTC,bittrex,cointiger,0.5553,12919.520132109219,0.04973529554616481,16412.035,0.0630222144
2019-09-03T06:12:38.143Z,2019-09-03T06:12:38.882Z,CRO/BTC,bittrex,cointiger,0.5553,12919.520132109219,0.04973529554616481,17750.73256256,0.06816281304023039
2019-09-03T06:14:48.591Z,2019-09-03T06:14:50.314Z,CRO/BTC,bittrex,cointiger,0.8192,10260.366441658576,0.03939569270331062,16212.035,0.06209209405
2019-09-03T06:16:38.180Z,2019-09-03T06:16:40.413Z,CRO/BTC,bittrex,cointiger,0.8192,10260.366441658576,0.03939569270331062,16212.035,0.06209209405
2019-09-03T06:22:51.828Z,2019-09-03T06:22:52.055Z,CRO/BTC,bittrex,cointiger,1.0844,8509.00483029965,0.032585863109518456,16412.035,0.0626939737
2019-09-03T06:22:51.828Z,2019-09-03T06:22:53.555Z,CRO/BTC,bittrex,hitbtc,1.0844,8509.00483029965,0.032585863109518456,9553.3,0.036493606
2019-09-03T06:24:38.208Z,2019-09-03T06:24:40.467Z,CRO/BTC,bittrex,hitbtc,1.0844,8509.00483029965,0.032585863109518456,9553.3,0.036493606
2019-09-03T06:29:36.207Z,2019-09-03T06:29:36.979Z,CRO/BTC,bittrex,hitbtc,1.0844,8509.00483029965,0.032585863109518456,9553.3,0.036493606
2019-09-03T07:05:36.350Z,2019-09-03T07:05:40.274Z,ETC/BTC,poloniex,kraken,0.7542,211.0887097658571,0.13776968426824354,267.099,0.173881449
2019-09-03T07:07:06.321Z,2019-09-03T07:07:08.117Z,ETC/BTC,kucoin,kraken,0.5511,203.0704423444966,0.1327199402149146,267.051,0.17409054689999998
2019-09-03T08:23:36.563Z,2019-09-03T08:23:37.348Z,CRO/BTC,bittrex,hitbtc,1.351,7268.355329671851,0.027761838402054886,9010.8,0.034331148
2019-09-03T08:25:46.577Z,2019-09-03T08:25:47.340Z,CRO/BTC,bittrex,hitbtc,1.351,7268.355329671851,0.027761838402054886,9010.8,0.034331148
2019-09-03T08:27:46.585Z,2019-09-03T08:27:47.584Z,CRO/BTC,bittrex,hitbtc,1.351,7268.355329671851,0.027761838402054886,9010.8,0.034331148
2019-09-03T08:29:36.592Z,2019-09-03T08:29:37.589Z,CRO/BTC,bittrex,hitbtc,1.351,7268.355329671851,0.027761838402054886,9010.8,0.034331148
2019-09-03T08:31:36.607Z,2019-09-03T08:31:37.619Z,CRO/BTC,bittrex,hitbtc,1.351,7268.355329671851,0.027761838402054886,9010.8,0.034331148
2019-09-03T08:33:46.631Z,2019-09-03T08:33:47.429Z,CRO/BTC,bittrex,hitbtc,1.351,7268.355329671851,0.027761838402054886,9010.8,0.034331148
2019-09-03T08:35:46.617Z,2019-09-03T08:35:47.418Z,CRO/BTC,bittrex,hitbtc,1.351,7268.355329671851,0.027761838402054886,9010.8,0.034331148
2019-09-03T08:37:46.653Z,2019-09-03T08:37:47.698Z,CRO/BTC,bittrex,hitbtc,1.351,7268.355329671851,0.027761838402054886,9010.8,0.034331148
2019-09-03T08:39:36.646Z,2019-09-03T08:39:37.645Z,CRO/BTC,bittrex,hitbtc,1.351,7268.355329671851,0.027761838402054886,9010.8,0.034331148
2019-09-03T08:41:46.660Z,2019-09-03T08:41:47.428Z,CRO/BTC,bittrex,hitbtc,1.351,7268.355329671851,0.027761838402054886,9010.8,0.034331148
2019-09-03T08:43:46.695Z,2019-09-03T08:43:47.701Z,CRO/BTC,bittrex,hitbtc,1.6191,6343.452650657034,0.024165533907264888,9010.8,0.03424104
2019-09-03T08:45:36.670Z,2019-09-03T08:45:37.460Z,CRO/BTC,bittrex,hitbtc,1.6191,6343.452650657034,0.024165533907264888,9010.8,0.03424104
2019-09-03T09:03:46.941Z,2019-09-03T09:03:48.577Z,ETC/BTC,binance,kraken,0.8338,60.33020797184305,0.03925894232955001,70,0.04543
2019-09-03T09:05:06.892Z,2019-09-03T09:05:08.017Z,ETC/BTC,hitbtc,kraken,0.8182,61.05979628878401,0.0397397541564408,67.94,0.044099854
2019-09-03T09:05:36.796Z,2019-09-03T09:05:40.710Z,ETC/BTC,binance,kraken,0.8338,60.33020797184305,0.03925894232955001,70,0.04543
2019-09-03T09:05:36.798Z,2019-09-03T09:05:44.008Z,ETC/BTC,cointiger,kraken,0.8338,60.33020797184305,0.03925894232955001,70,0.04543
2019-09-03T09:07:06.770Z,2019-09-03T09:07:08.024Z,ETC/BTC,hitbtc,kraken,0.8494,60.33020797184305,0.03925894232955001,67.94,0.044093059999999996
2019-09-03T09:07:36.800Z,2019-09-03T09:07:40.720Z,ETC/BTC,binance,kraken,0.8338,60.33020797184305,0.03925894232955001,70,0.04543
2019-09-03T09:07:36.802Z,2019-09-03T09:07:44.022Z,ETC/BTC,cointiger,kraken,0.8338,60.33020797184305,0.03925894232955001,70,0.04543
2019-09-03T09:09:16.814Z,2019-09-03T09:09:18.009Z,ETC/BTC,kucoin,kraken,0.7714,63.35840527811896,0.041254578834697186,70,0.045458
2019-09-03T09:09:26.715Z,2019-09-03T09:09:28.016Z,ETC/BTC,hitbtc,kraken,0.8494,59.6178463349285,0.038789483194721905,67.94,0.044086266
2019-09-03T09:09:36.813Z,2019-09-03T09:09:40.725Z,ETC/BTC,binance,kraken,0.8338,60.33020797184305,0.03925894232955001,70,0.04543
2019-09-03T09:09:36.815Z,2019-09-03T09:09:44.018Z,ETC/BTC,cointiger,kraken,0.8338,60.33020797184305,0.03925894232955001,70,0.04543
2019-09-03T09:11:06.813Z,2019-09-03T09:11:08.027Z,ETC/BTC,kucoin,kraken,0.7714,63.35840527811896,0.041254578834697186,70,0.045458
2019-09-03T09:11:16.814Z,2019-09-03T09:11:18.034Z,ETC/BTC,hitbtc,kraken,0.9119,56.92901440230525,0.03701749457633579,67.94,0.044059089999999995
2019-09-03T09:11:36.782Z,2019-09-03T09:11:40.736Z,ETC/BTC,binance,kraken,0.8338,60.33020797184305,0.03925894232955001,70,0.04543
2019-09-03T09:11:36.784Z,2019-09-03T09:11:44.067Z,ETC/BTC,cointiger,kraken,0.8338,60.33020797184305,0.03925894232955001,70,0.04543
2019-09-03T09:12:06.786Z,2019-09-03T09:12:14.050Z,ETC/BTC,exmo,kraken,0.787,62.57321440928492,0.040737123925763105,70,0.045451
2019-09-03T09:13:06.786Z,2019-09-03T09:13:08.208Z,ETC/BTC,hitbtc,kraken,0.9432,55.67353006927683,0.036190107813445775,67.94,0.044045502
2019-09-03T09:13:36.786Z,2019-09-03T09:13:38.574Z,ETC/BTC,binance,kraken,0.9902,53.89079112892355,0.03501525077848868,70,0.045360000000000004
2019-09-03T09:13:36.791Z,2019-09-03T09:13:40.741Z,ETC/BTC,cointiger,kraken,0.8338,60.33020797184305,0.03925894232955001,70,0.04543
2019-09-03T09:14:08.811Z,2019-09-03T09:14:09.138Z,ETC/BTC,bittrex,kraken,0.8338,60.33020797184305,0.03925894232955001,70,0.04543
2019-09-03T09:14:08.813Z,2019-09-03T09:14:11.855Z,ETC/BTC,exmo,kraken,0.787,62.57321440928492,0.040737123925763105,70,0.045451
2019-09-03T09:15:06.823Z,2019-09-03T09:15:08.046Z,ETC/BTC,hitbtc,kraken,0.9432,55.67353006927683,0.036190107813445775,67.94,0.044045502
2019-09-03T09:15:36.959Z,2019-09-03T09:15:40.751Z,ETC/BTC,binance,kraken,0.9902,53.89079112892355,0.03501525077848868,70,0.045360000000000004
2019-09-03T09:15:46.937Z,2019-09-03T09:15:48.056Z,ETC/BTC,cointiger,kraken,0.8338,60.33020797184305,0.03925894232955001,70,0.04543
2019-09-03T09:16:06.920Z,2019-09-03T09:16:10.752Z,ETC/BTC,exmo,kraken,0.787,62.57321440928492,0.040737123925763105,70,0.045451
2019-09-03T09:17:07.882Z,2019-09-03T09:17:08.649Z,ETC/BTC,hitbtc,kraken,0.9119,56.92901440230525,0.03701749457633579,67.94,0.044059089999999995
2019-09-03T09:17:36.914Z,2019-09-03T09:17:40.748Z,ETC/BTC,binance,kraken,0.9902,53.89079112892355,0.03501525077848868,70,0.045360000000000004
2019-09-03T09:17:36.917Z,2019-09-03T09:17:44.030Z,ETC/BTC,cointiger,kraken,0.8338,60.33020797184305,0.03925894232955001,70,0.04543
2019-09-03T09:18:06.927Z,2019-09-03T09:18:10.750Z,ETC/BTC,exmo,kraken,0.787,62.57321440928492,0.040737123925763105,70,0.045451
2019-09-03T09:19:36.956Z,2019-09-03T09:19:40.757Z,ETC/BTC,binance,kraken,0.9902,53.89079112892355,0.03501525077848868,70,0.045360000000000004
2019-09-03T09:20:06.957Z,2019-09-03T09:20:10.758Z,ETC/BTC,exmo,kraken,0.787,62.57321440928492,0.040737123925763105,70,0.045451
2019-09-03T09:21:16.977Z,2019-09-03T09:21:18.056Z,ETC/BTC,hitbtc,kraken,0.9276,56.29427434332742,0.036599189457858144,70,0.045388000000000005
2019-09-03T09:21:36.974Z,2019-09-03T09:21:40.775Z,ETC/BTC,binance,kraken,0.9902,53.89079112892355,0.03501525077848868,70,0.045360000000000004
2019-09-03T09:21:36.976Z,2019-09-03T09:21:44.143Z,ETC/BTC,cointiger,kraken,0.8338,60.33020797184305,0.03925894232955001,70,0.04543
2019-09-03T09:23:06.971Z,2019-09-03T09:23:08.094Z,ETC/BTC,hitbtc,kraken,0.9276,56.29427434332742,0.036599189457858144,70,0.045388000000000005
2019-09-03T09:23:36.972Z,2019-09-03T09:23:40.793Z,ETC/BTC,binance,kraken,0.8338,60.33020797184305,0.03925894232955001,70,0.04543
2019-09-03T09:25:06.971Z,2019-09-03T09:25:08.179Z,ETC/BTC,hitbtc,kraken,0.9119,57.57822898303543,0.037445338665059426,70,0.045402000000000005
2019-09-03T09:33:37.020Z,2019-09-03T09:33:40.820Z,ETC/BTC,binance,kraken,0.8395,68.36013050339271,0.044346340286411115,97.95,0.06337365
2019-09-03T10:56:37.168Z,2019-09-03T10:56:38.415Z,ETC/BTC,poloniex,kraken,0.2641,210.11584389254799,0.13671345632708132,347.7,0.22565729999999998
2019-09-03T11:15:37.245Z,2019-09-03T11:15:37.959Z,CRO/BTC,bittrex,cointiger,0.3098,55919.94618230931,0.213588967373031,142485.492882888,0.5428697278838033
2019-09-03T11:26:17.365Z,2019-09-03T11:26:18.075Z,CRO/BTC,bittrex,cointiger,0.3098,55919.94618230931,0.213588967373031,178552.22,0.6802839582
2019-09-03T11:32:07.337Z,2019-09-03T11:32:07.706Z,CRO/BTC,bittrex,cointiger,0.3133,17240.485326143433,0.06550520239206377,170550.3371798087,0.646385777911475
2019-09-03T11:40:07.443Z,2019-09-03T11:40:07.659Z,CRO/BTC,bittrex,cointiger,1.1177,54905.36049703595,0.2080624187256099,167061.90786108258,0.6314940117148922
2019-09-03T11:53:07.381Z,2019-09-03T11:53:15.518Z,CRO/BTC,bittrex,cointiger,0.3133,17240.485326143433,0.06550520239206377,35879.252,0.13598236508
2019-09-03T11:57:02.346Z,2019-09-03T11:57:03.371Z,CRO/BTC,bittrex,cointiger,0.3133,17240.485326143433,0.06550520239206377,35497.252,0.13453458508000002
2019-09-03T12:39:37.566Z,2019-09-03T12:39:38.805Z,ETC/BTC,cointiger,kraken,0.3718,211.0887097658571,0.13776968426824354,246.414,0.16041551399999998
2019-09-03T12:42:37.593Z,2019-09-03T12:42:38.807Z,ETC/BTC,bittrex,kraken,1.5579,49.08511762800782,0.03204397722595566,86.08478737,0.0560463616651122
2019-09-03T12:42:37.601Z,2019-09-03T12:42:41.520Z,ETC/BTC,exmo,kraken,1.4417,55.81309098289816,0.03650466390791425,200,0.13046
2019-09-03T12:46:17.582Z,2019-09-03T12:46:18.841Z,ETC/BTC,hitbtc,kraken,1.2188,51.71419104974839,0.033632391293099556,61.74,0.040044564000000005
2019-09-03T12:46:37.601Z,2019-09-03T12:46:41.557Z,ETC/BTC,poloniex,kraken,1.3895,56.965404600938015,0.037098270965723545,61.74,0.040100130000000005
2019-09-03T12:46:37.603Z,2019-09-03T12:46:47.550Z,ETC/BTC,exmo,kraken,1.2467,62.61705715865785,0.0408284463862408,70.67,0.045956701
2019-09-03T12:47:37.605Z,2019-09-03T12:47:38.920Z,ETC/BTC,cointiger,kraken,1.1437,53.92345701741366,0.03509053995418693,70.67,0.045864829999999995
2019-09-03T12:48:07.610Z,2019-09-03T12:48:08.827Z,ETC/BTC,hitbtc,kraken,1.034,51.71419104974839,0.033632391293099556,70.67,0.045836562000000004
2019-09-03T12:48:07.610Z,2019-09-03T12:48:11.555Z,ETC/BTC,binance,kraken,0.9871,53.92345701741366,0.03509053995418693,70.67,0.045864829999999995
2019-09-03T12:48:37.612Z,2019-09-03T12:48:40.821Z,ETC/BTC,bittrex,kraken,0.8247,67.96363876287928,0.04428951055393059,95.566,0.06211216604
2019-09-03T12:48:37.613Z,2019-09-03T12:48:41.557Z,ETC/BTC,poloniex,kraken,1.0826,60.33020797184305,0.03925894232955001,95.566,0.062022334
2019-09-03T12:48:37.615Z,2019-09-03T12:48:47.560Z,ETC/BTC,exmo,kraken,0.9402,71.42459580310509,0.046570343509533076,95.566,0.0621465698
2019-09-03T12:49:47.619Z,2019-09-03T12:49:48.892Z,ETC/BTC,cointiger,kraken,1.1437,48.720013596733445,0.031656189283893,70.67,0.04579416
2019-09-03T12:50:07.637Z,2019-09-03T12:50:08.878Z,ETC/BTC,hitbtc,kraken,1.0967,51.189868425551936,0.03328633050022098,70,0.045395
2019-09-03T12:50:07.637Z,2019-09-03T12:50:11.572Z,ETC/BTC,binance,kraken,1.1437,48.720013596733445,0.031656189283893,70.67,0.04579416
2019-09-03T12:50:37.625Z,2019-09-03T12:50:40.840Z,ETC/BTC,bittrex,kraken,0.9246,56.32986984969684,0.03667880850164724,70.67,0.045893098
2019-09-03T12:50:37.626Z,2019-09-03T12:50:41.574Z,ETC/BTC,poloniex,kraken,1.1939,56.92901440230525,0.03701749457633579,95.566,0.061974551
2019-09-03T12:50:37.627Z,2019-09-03T12:50:47.574Z,ETC/BTC,exmo,kraken,0.9402,55.70835689447654,0.03626860063316653,70.67,0.045886031
2019-09-03T12:51:37.657Z,2019-09-03T12:51:38.903Z,ETC/BTC,cointiger,kraken,1.2973,53.92345701741366,0.03509053995418693,61.74,0.040069259999999995
2019-09-03T12:52:07.638Z,2019-09-03T12:52:08.921Z,ETC/BTC,hitbtc,kraken,1.2502,51.71419104974839,0.033632391293099556,61.74,0.040044564000000005
2019-09-03T12:52:17.750Z,2019-09-03T12:52:18.971Z,ETC/BTC,binance,kraken,1.2973,48.720013596733445,0.031656189283893,56.81,0.036812880000000006
2019-09-03T12:52:37.676Z,2019-09-03T12:52:39.400Z,ETC/BTC,bittrex,kraken,0.9137,57.02974756423425,0.037140738286161185,61.74,0.0401007474
2019-09-03T12:52:37.675Z,2019-09-03T12:52:41.421Z,CRO/BTC,bittrex,cointiger,0.3344,17046.255591300003,0.06374188807573836,96614.31099195,0.3603713799999735
2019-09-03T12:52:37.677Z,2019-09-03T12:52:41.585Z,ETC/BTC,poloniex,kraken,1.1939,56.901206636601955,0.03705589934677354,61.74,0.0400995126
2019-09-03T12:53:07.712Z,2019-09-03T12:53:08.918Z,ETC/BTC,kucoin,kraken,1.0184,52.24936364940727,0.033985613232451625,58.616843,0.0380247460541
2019-09-03T12:53:37.741Z,2019-09-03T12:53:38.858Z,ETC/BTC,cointiger,kraken,1.1437,48.720013596733445,0.031656189283893,61.74,0.040007520000000005
2019-09-03T12:54:37.693Z,2019-09-03T12:54:39.562Z,CRO/BTC,bittrex,cointiger,0.6185,10089.324660054202,0.037221769171929285,36229.09140142,0.1333230563572256
2019-09-03T12:54:37.695Z,2019-09-03T12:54:41.587Z,ETC/BTC,poloniex,kraken,1.3008,44.43226995847858,0.02882621419863222,61.74,0.03994578
2019-09-03T13:03:37.696Z,2019-09-03T13:03:39.001Z,ETC/BTC,cointiger,kraken,1.0058,48.55987253799271,0.03126000818986598,78.901,0.050654441999999994
2019-09-03T13:04:37.702Z,2019-09-03T13:04:41.627Z,ETC/BTC,poloniex,kraken,1.3998,50.98412209406849,0.03279471611362901,112.116,0.071922414
2019-09-03T13:05:07.668Z,2019-09-03T13:05:08.957Z,ETC/BTC,kucoin,kraken,1.2308,41.075081922725296,0.026405660171086903,43.374278,0.027807249625799998
2019-09-03T13:05:37.670Z,2019-09-03T13:05:39.624Z,ETC/BTC,cointiger,kraken,1.4777,40.74354768706298,0.026188495305671543,50,0.032049999999999995
2019-09-03T13:06:07.702Z,2019-09-03T13:06:11.493Z,ETC/BTC,hitbtc,kraken,1.845,34.36384827809625,0.022009600897463732,50,0.031935
2019-09-03T13:06:07.703Z,2019-09-03T13:06:11.619Z,ETC/BTC,binance,kraken,1.6371,37.7005145399154,0.02419521734891815,50,0.032
2019-09-03T13:06:37.704Z,2019-09-03T13:06:39.414Z,ETC/BTC,bittrex,kraken,1.653,37.25530351793767,0.023903590779866906,50,0.031992
2019-09-03T13:07:37.685Z,2019-09-03T13:07:38.919Z,ETC/BTC,cointiger,kraken,1.6412,37.684316950897404,0.024147036121928263,44.044,0.028144116
2019-09-03T13:08:07.712Z,2019-09-03T13:08:11.472Z,ETC/BTC,hitbtc,kraken,1.7532,37.129903195219235,0.023784431239204058,70,0.044716
2019-09-03T13:08:07.712Z,2019-09-03T13:08:11.626Z,ETC/BTC,binance,kraken,1.6412,37.684316950897404,0.024147036121928263,102.718,0.06563680200000001
2019-09-03T13:08:37.707Z,2019-09-03T13:08:39.412Z,ETC/BTC,bittrex,kraken,1.48,40.75757851218676,0.026157050549959548,102.718,0.06574054718
2019-09-03T13:08:37.709Z,2019-09-03T13:08:47.628Z,ETC/BTC,exmo,kraken,1.5965,41.665924450426935,0.02675113875400437,102.718,0.06576828104
2019-09-03T13:09:37.705Z,2019-09-03T13:09:38.932Z,ETC/BTC,cointiger,kraken,1.6412,37.684316950897404,0.024147036121928263,102.718,0.06563680200000001
2019-09-03T13:10:07.703Z,2019-09-03T13:10:10.035Z,ETC/BTC,hitbtc,kraken,1.6572,36.59156184805276,0.02343233824177092,70,0.044702
2019-09-03T13:10:07.704Z,2019-09-03T13:10:11.637Z,ETC/BTC,binance,kraken,1.6412,37.684316950897404,0.024147036121928263,102.718,0.06563680200000001
2019-09-03T13:10:37.685Z,2019-09-03T13:10:41.649Z,ETC/BTC,exmo,kraken,1.437,41.665924450426935,0.02675113875400437,102.718,0.06576828104
2019-09-03T13:10:47.715Z,2019-09-03T13:10:48.905Z,ETC/BTC,bittrex,kraken,1.539,39.57525204711912,0.0253837700445306,93.24,0.059640033599999996
2019-09-03T13:11:37.707Z,2019-09-03T13:11:38.962Z,ETC/BTC,cointiger,kraken,1.6412,37.684316950897404,0.024147036121928263,102.718,0.06563680200000001
2019-09-03T13:12:07.704Z,2019-09-03T13:12:08.948Z,ETC/BTC,hitbtc,kraken,1.8173,34.35032988218493,0.02196649861240033,86.47,0.055141919000000005
2019-09-03T13:12:07.706Z,2019-09-03T13:12:11.644Z,ETC/BTC,binance,kraken,1.8013,35.06627444446743,0.02243474997049646,102.718,0.065534084
2019-09-03T13:12:37.692Z,2019-09-03T13:12:38.929Z,ETC/BTC,bittrex,kraken,1.5773,38.84432938082455,0.024905722512380164,45.41,0.029035154
2019-09-03T13:12:37.693Z,2019-09-03T13:12:41.639Z,ETC/BTC,poloniex,kraken,1.678,36.328201490846446,0.023260091881609473,102.718,0.065585443
2019-09-03T13:12:37.696Z,2019-09-03T13:12:44.918Z,ETC/BTC,exmo,kraken,1.5965,41.665924450426935,0.02675113875400437,102.718,0.06576828104
2019-09-03T13:13:37.693Z,2019-09-03T13:13:39.049Z,ETC/BTC,cointiger,kraken,1.6412,37.684316950897404,0.024147036121928263,102.718,0.06563680200000001
2019-09-03T13:14:17.733Z,2019-09-03T13:14:20.026Z,ETC/BTC,hitbtc,kraken,1.9298,33.889052420775066,0.021664807938089326,70,0.044625000000000005
2019-09-03T13:14:17.733Z,2019-09-03T13:14:21.641Z,ETC/BTC,binance,kraken,1.9619,32.788283805888554,0.02094486895674286,97.14,0.06187818
2019-09-03T13:14:37.724Z,2019-09-03T13:14:39.502Z,ETC/BTC,bittrex,kraken,1.6812,36.75141841587711,0.02353688970975847,102.718,0.06560187788
2019-09-03T13:15:07.743Z,2019-09-03T13:15:08.946Z,ETC/BTC,gateio,kraken,1.6412,37.684316950897404,0.024147036121928263,73.455396,0.046937998044
2019-09-03T13:15:37.747Z,2019-09-03T13:15:39.671Z,ETC/BTC,cointiger,kraken,1.8013,35.06627444446743,0.02243474997049646,102.718,0.065534084
2019-09-03T13:16:17.745Z,2019-09-03T13:16:18.950Z,ETC/BTC,hitbtc,kraken,1.8816,33.889052420775066,0.021664807938089326,70,0.044625000000000005
2019-09-03T13:16:17.746Z,2019-09-03T13:16:21.658Z,ETC/BTC,binance,kraken,1.9619,32.788283805888554,0.02094486895674286,101.979,0.064960623
2019-09-03T13:16:37.739Z,2019-09-03T13:16:41.665Z,ETC/BTC,poloniex,kraken,2.0424,31.756755061816772,0.020270215134683085,101.979,0.06490963350000001
2019-09-03T13:16:37.741Z,2019-09-03T13:16:45.026Z,ETC/BTC,exmo,kraken,1.9185,33.37366155251911,0.02132772531085098,101.979,0.06498815733
2019-09-03T13:17:37.724Z,2019-09-03T13:17:39.859Z,ETC/BTC,cointiger,kraken,1.9619,32.788283805888554,0.02094486895674286,101.979,0.064960623
2019-09-03T13:18:07.743Z,2019-09-03T13:18:09.025Z,ETC/BTC,binance,kraken,2.123,30.788132462925095,0.01963670400643645,101.979,0.064858644
2019-09-03T13:18:17.769Z,2019-09-03T13:18:20.056Z,ETC/BTC,hitbtc,kraken,2.0424,33.00268108627257,0.021085091849688473,70,0.044597000000000005
2019-09-03T13:21:37.770Z,2019-09-03T13:21:38.973Z,ETC/BTC,cointiger,kraken,1.5012,48.40074309635416,0.03086639860579573,51.755,0.032916179999999996
2019-09-03T13:22:07.730Z,2019-09-03T13:22:10.017Z,ETC/BTC,hitbtc,kraken,1.5012,44.95233050437365,0.028631651465040743,51.755,0.032874776
2019-09-03T13:22:07.730Z,2019-09-03T13:22:11.681Z,ETC/BTC,binance,kraken,1.5012,48.40074309635416,0.03086639860579573,51.755,0.032916179999999996
2019-09-03T13:22:37.729Z,2019-09-03T13:22:39.497Z,ETC/BTC,bittrex,kraken,1.344,48.16979447768297,0.030716732128403493,51.755,0.032913592250000005
2019-09-03T13:22:37.729Z,2019-09-03T13:22:41.682Z,ETC/BTC,poloniex,kraken,1.7428,44.16564636445611,0.028121840041533463,51.755,0.032864425
2019-09-03T13:23:37.741Z,2019-09-03T13:23:39.061Z,ETC/BTC,cointiger,kraken,1.6579,48.40074309635416,0.03086639860579573,51.755,0.032916179999999996
2019-09-03T13:25:37.770Z,2019-09-03T13:25:39.012Z,ETC/BTC,cointiger,kraken,1.6579,48.40074309635416,0.03086639860579573,51.755,0.032916179999999996
2019-09-03T13:26:07.778Z,2019-09-03T13:26:10.307Z,ETC/BTC,hitbtc,kraken,1.5494,43.78253794170542,0.027873566254825833,51.755,0.0328592495
2019-09-03T13:26:07.778Z,2019-09-03T13:26:11.699Z,ETC/BTC,binance,kraken,1.5012,48.40074309635416,0.03086639860579573,51.755,0.032916179999999996
2019-09-03T13:26:37.806Z,2019-09-03T13:26:39.511Z,ETC/BTC,bittrex,kraken,1.3729,47.489983252887995,0.030276179801690405,51.755,0.032905829
2019-09-03T13:26:37.808Z,2019-09-03T13:26:45.037Z,ETC/BTC,exmo,kraken,1.2992,49.687141812687386,0.03170005054752742,51.755,0.03293015385
2019-09-03T13:27:37.804Z,2019-09-03T13:27:38.969Z,ETC/BTC,cointiger,kraken,1.5012,48.40074309635416,0.03086639860579573,51.755,0.032916179999999996
2019-09-03T13:28:07.797Z,2019-09-03T13:28:10.065Z,ETC/BTC,hitbtc,kraken,1.4691,45.35627397961397,0.028893427427818297,51.755,0.032879951500000004
2019-09-03T13:28:07.798Z,2019-09-03T13:28:11.705Z,ETC/BTC,binance,kraken,1.5012,48.40074309635416,0.03086639860579573,51.755,0.032916179999999996
2019-09-03T13:29:37.782Z,2019-09-03T13:29:39.594Z,ETC/BTC,cointiger,kraken,1.5012,48.40074309635416,0.03086639860579573,51.755,0.032916179999999996
2019-09-03T13:30:07.871Z,2019-09-03T13:30:10.482Z,ETC/BTC,hitbtc,kraken,1.4691,45.35627397961397,0.028893427427818297,51.755,0.032879951500000004
2019-09-03T13:30:07.876Z,2019-09-03T13:30:11.720Z,ETC/BTC,binance,kraken,1.5012,48.40074309635416,0.03086639860579573,51.755,0.032916179999999996
2019-09-03T13:42:07.793Z,2019-09-03T13:42:10.095Z,ETC/BTC,hitbtc,kraken,1.6774,37.11418061186691,0.023737145257392192,58.931,0.0375861918
2019-09-03T13:42:37.824Z,2019-09-03T13:42:39.535Z,ETC/BTC,bittrex,kraken,1.4488,41.543401824195236,0.026629586081320097,50,0.0319625
2019-09-03T13:42:47.824Z,2019-09-03T13:42:49.110Z,ETC/BTC,exmo,kraken,1.3261,55.27511202678923,0.035486668199010134,90,0.0576252
2019-09-03T13:43:37.822Z,2019-09-03T13:43:39.065Z,ETC/BTC,cointiger,kraken,1.1741,48.48018196508588,0.031062883484400883,90,0.057510000000000006
2019-09-03T13:44:07.806Z,2019-09-03T13:44:10.146Z,ETC/BTC,hitbtc,kraken,1.3974,42.37534821022677,0.02708838043510733,73.99,0.047168625
2019-09-03T13:44:07.806Z,2019-09-03T13:44:11.762Z,ETC/BTC,binance,kraken,1.3335,44.23201367328235,0.028297147592535477,90,0.05742
2019-09-03T13:44:37.804Z,2019-09-03T13:44:39.348Z,ETC/BTC,bittrex,kraken,1.1693,48.62026796835703,0.03115408535320219,90,0.05751269999999999
2019-09-03T13:45:37.824Z,2019-09-03T13:45:39.083Z,ETC/BTC,cointiger,kraken,1.3335,44.23201367328235,0.028297147592535477,90,0.05742
2019-09-03T13:46:47.845Z,2019-09-03T13:46:49.086Z,ETC/BTC,bittrex,kraken,1.1741,48.06472490398924,0.03079240349715064,90,0.0575019
2019-09-03T13:47:47.859Z,2019-09-03T13:47:49.131Z,ETC/BTC,cointiger,kraken,1.3335,44.23201367328235,0.028297147592535477,64.5,0.041151
2019-09-03T13:48:07.835Z,2019-09-03T13:48:11.773Z,ETC/BTC,binance,kraken,1.3335,44.23201367328235,0.028297147592535477,90,0.05742
2019-09-03T13:48:37.822Z,2019-09-03T13:48:39.372Z,ETC/BTC,bittrex,kraken,1.1709,48.57348278660987,0.03112362623588916,63.94814695,0.040864144863989
2019-09-03T13:48:37.824Z,2019-09-03T13:48:45.102Z,ETC/BTC,exmo,kraken,1.1296,49.81990466190565,0.0319350992002637,90,0.0575352
2019-09-03T13:49:07.834Z,2019-09-03T13:49:11.775Z,ETC/BTC,gateio,kraken,1.0152,53.63083581002039,0.034416175356805065,90,0.057600000000000005
2019-09-03T13:49:47.829Z,2019-09-03T13:49:49.089Z,ETC/BTC,cointiger,kraken,1.0152,53.63083581002039,0.034416175356805065,90,0.057600000000000005
2019-09-03T13:51:47.874Z,2019-09-03T13:51:49.089Z,ETC/BTC,cointiger,kraken,0.8539,78.71863172748876,0.05074938365992508,90,0.057870000000000005
2019-09-03T13:52:07.875Z,2019-09-03T13:52:09.060Z,ETC/BTC,binance,kraken,0.699,78.71863172748876,0.05074938365992508,90,0.057870000000000005
2019-09-03T13:52:18.765Z,2019-09-03T13:52:19.798Z,ETC/BTC,hitbtc,kraken,0.6491,82.58142933768045,0.05326422706058128,90,0.057897
2019-09-03T13:55:07.885Z,2019-09-03T13:55:09.097Z,ETC/BTC,binance,kraken,0.6831,210.11584389254799,0.13671345632708132,540.72,0.35092728
2019-09-03T13:56:17.897Z,2019-09-03T13:56:19.125Z,ETC/BTC,cointiger,kraken,0.5272,359.8429592041198,0.23449065010794767,548.996,0.3568474
2019-09-03T14:07:47.937Z,2019-09-03T14:07:49.229Z,ETC/BTC,binance,kraken,0.2112,367.0594933260787,0.24103310088078347,628.283,0.411525365
2019-09-03T14:15:17.976Z,2019-09-03T14:15:21.920Z,ETC/BTC,cointiger,kraken,0.2112,365.5932386417535,0.2397037775154955,600,0.39239999999999997
2019-09-03T14:15:37.977Z,2019-09-03T14:15:41.919Z,ETC/BTC,binance,kraken,0.5178,94.13513207626222,0.061630848366716035,120,0.07836
2019-09-03T14:17:37.976Z,2019-09-03T14:17:39.514Z,ETC/BTC,bittrex,kraken,0.5348,91.40873501585418,0.059831385431328564,118.673,0.07747448132
2019-09-03T14:17:47.986Z,2019-09-03T14:17:51.265Z,ETC/BTC,binance,kraken,0.8281,79.34396202971354,0.051868454379321534,118.673,0.07737479600000001
2019-09-03T14:18:47.979Z,2019-09-03T14:18:49.255Z,ETC/BTC,poloniex,kraken,0.3314,94.13513207626222,0.061630848366716035,118.673,0.07749346900000001
2019-09-03T14:19:07.988Z,2019-09-03T14:19:09.332Z,ETC/BTC,hitbtc,kraken,0.4427,78.11651401570984,0.05105832028756015,118.673,0.0773629287
2019-09-03T14:19:07.990Z,2019-09-03T14:19:11.928Z,ETC/BTC,cointiger,kraken,0.3654,94.13513207626222,0.061630848366716035,118.673,0.07749346900000001
2019-09-03T14:19:38.029Z,2019-09-03T14:19:41.946Z,ETC/BTC,binance,kraken,0.5201,79.34396202971354,0.051868454379321534,118.673,0.07737479600000001
2019-09-03T14:19:38.029Z,2019-09-03T14:19:45.273Z,ETC/BTC,kucoin,kraken,0.3654,95.92327901529464,0.06281105215527712,118.673,0.0775053363
2019-09-03T14:27:38.047Z,2019-09-03T14:27:39.268Z,ETC/BTC,binance,kraken,0.3654,365.5932386417535,0.2397037775154955,600,0.39239999999999997
2019-09-03T14:41:08.122Z,2019-09-03T14:41:12.041Z,ETC/BTC,hitbtc,kraken,0.7814,60.41185757105003,0.039433212309527385,68.155,0.044368905
2019-09-03T14:46:08.145Z,2019-09-03T14:46:09.328Z,ETC/BTC,cointiger,kraken,0.6884,68.30800057800707,0.044244038469566475,172.364,0.111347144
2019-09-03T14:46:18.110Z,2019-09-03T14:46:19.385Z,ETC/BTC,bittrex,kraken,1.0011,78.55759535477112,0.05087950834217694,150,0.09689550000000001
2019-09-03T14:53:38.194Z,2019-09-03T14:53:39.603Z,ETC/BTC,binance,kraken,0.9995,48.63981601327193,0.03145777576798034,103.79,0.06694455
2019-09-03T14:54:18.169Z,2019-09-03T14:54:22.109Z,ETC/BTC,cointiger,kraken,1.1471,68.36013050339271,0.044346340286411115,200.923,0.129997181
2019-09-03T14:55:08.189Z,2019-09-03T14:55:09.498Z,ETC/BTC,poloniex,kraken,0.4156,114.56261017594682,0.0744279756069291,180,0.1166382
2019-09-03T14:55:18.183Z,2019-09-03T14:55:19.455Z,ETC/BTC,hitbtc,kraken,0.9052,53.25777379830041,0.034491884808343094,87.11,0.056264349000000005
2019-09-03T14:55:38.189Z,2019-09-03T14:55:39.392Z,ETC/BTC,binance,kraken,0.8424,78.99536263665297,0.051244581078611004,201.207,0.130180929
2019-09-03T14:55:48.698Z,2019-09-03T14:55:49.504Z,ETC/BTC,exmo,kraken,1.1064,55.5774982674185,0.03607141027921536,200,0.12945800000000002
2019-09-03T14:56:38.181Z,2019-09-03T14:56:42.118Z,ETC/BTC,kucoin,kraken,0.764,64.84808009434124,0.0420423404401013,301.3,0.19482058
2019-09-03T14:57:18.175Z,2019-09-03T14:57:22.125Z,ETC/BTC,hitbtc,kraken,1.6523,62.35489252587344,0.040282406270095494,70,0.045101
2019-09-03T14:57:38.182Z,2019-09-03T14:57:39.432Z,ETC/BTC,binance,kraken,1.1571,44.365324634908056,0.028649332395870464,100,0.0644
2019-09-03T14:57:38.184Z,2019-09-03T14:57:42.134Z,ETC/BTC,exmo,kraken,0.9539,50.037878467222704,0.032376336336956524,172.315,0.11119314635
2019-09-03T15:20:08.350Z,2019-09-03T15:20:10.166Z,ETC/BTC,cointiger,kraken,1.0058,114.09946260009934,0.07355627513971316,298.533,0.19195671900000003
2019-09-03T15:21:18.390Z,2019-09-03T15:21:19.603Z,ETC/BTC,poloniex,kraken,0.8576,188.74057734471768,0.12200193959198669,238.67,0.1538824825
2019-09-03T15:21:48.366Z,2019-09-03T15:21:49.612Z,ETC/BTC,binance,kraken,0.3846,93.25930269183034,0.06021597086069047,579.832,0.373411808
2019-09-03T15:21:48.367Z,2019-09-03T15:21:52.632Z,ETC/BTC,exmo,kraken,0.183,82.59794974167029,0.053439683096543775,200,0.129058
2019-09-03T15:22:08.368Z,2019-09-03T15:22:12.312Z,ETC/BTC,cointiger,kraken,0.8481,208.19654295803764,0.13462979469467093,579.246,0.37361366999999995
2019-09-03T15:23:38.374Z,2019-09-03T15:23:40.670Z,ETC/BTC,binance,kraken,0.8481,208.19654295803764,0.13462979469467093,371.6,0.239682
2019-09-03T15:25:18.402Z,2019-09-03T15:25:19.640Z,ETC/BTC,hitbtc,kraken,0.1989,98.73031252862664,0.0637778279320242,138.06,0.088952058
2019-09-03T15:25:38.376Z,2019-09-03T15:25:39.636Z,ETC/BTC,binance,kraken,0.3825,93.45254695222395,0.0605281256452498,420.349,0.27154545399999996
2019-09-03T15:27:18.415Z,2019-09-03T15:27:19.640Z,ETC/BTC,poloniex,kraken,0.4952,171.50179930469275,0.11115512069825034,247.64742705,0.1600966321650135
2019-09-03T16:05:21.580Z,2019-09-03T16:05:24.870Z,ETC/BTC,binance,kraken,1.0089,53.69559694279171,0.03456540675415767,60,0.03852
2019-09-03T16:09:08.689Z,2019-09-03T16:09:21.990Z,ETC/BTC,binance,kraken,1.1605,48.58649220343334,0.031325859134644245,58.29,0.03748047
2019-09-03T16:37:08.809Z,2019-09-03T16:37:22.031Z,ETC/BTC,cointiger,kraken,1.1571,44.343052570251295,0.028590489025234665,58.369,0.037531267
2019-09-03T16:37:27.744Z,2019-09-03T16:37:34.021Z,ETC/BTC,exmo,kraken,0.9539,55.50820529216897,0.03591513051928191,58.369,0.03766493201
2019-09-03T17:29:09.052Z,2019-09-03T17:29:16.004Z,ETC/BTC,hitbtc,kraken,1.0564,56.08161308518974,0.036123561148797875,68.498,0.044003115200000005
2019-09-03T17:29:09.053Z,2019-09-03T17:29:19.310Z,ETC/BTC,binance,kraken,1.1673,53.69559694279171,0.03456540675415767,68.498,0.043975716000000005
