opp_created_at,ord_created_at,symbol,base,quote,buy_at,sell_at,invest.min.base,invest.min.quote,invest.min.profit,invest.min.profit_percent,invest.max.base,invest.max.quote,invest.max.profit,invest.max.profit_percent,profit_loop_percent
2019-09-08T00:18:48.287Z,2019-09-08T00:18:49.041Z,ZEC/BTC,ZEC,BTC,kucoin,binance,0.22259321090706735,0.001,1e-06,0.1,0.35,0.001572375,1.575524999999952e-06,0.10020033388981331,-0.4585
2019-09-08T00:19:17.598Z,2019-09-08T00:19:17.923Z,EOS/BTC,EOS,BTC,poloniex,binance,0.0029364263691087945,1e-06,1e-09,0.1,40.71,0.0138637905,2.2647990750001247e-05,0.163360739979454,-0.3377
2019-09-08T00:19:42.352Z,2019-09-08T00:19:42.788Z,ZEC/BTC,ZEC,BTC,kucoin,binance,0.22259321090706735,0.001,1e-06,0.1,0.35,0.001572375,1.575524999999952e-06,0.10020033388981331,-0.4585
2019-09-08T00:28:22.367Z,2019-09-08T00:28:23.137Z,ZEC/BTC,ZEC,BTC,kucoin,poloniex,0.22343372955581375,0.001,1e-06,0.1,1.683,0.0075324348,1.4431135950000888e-05,0.19158660291358764,-0.3671
2019-09-08T00:28:22.366Z,2019-09-08T00:28:23.280Z,ZEC/BTC,ZEC,BTC,kucoin,bitfinex,0.22343372955581375,0.001,1e-06,0.1,1.683,0.0075324348,1.1667229199999993e-05,0.15489319867727225,-0.228
2019-09-08T00:28:22.367Z,2019-09-08T00:28:23.471Z,ZEC/BTC,ZEC,BTC,kucoin,binance,0.22343372955581375,0.001,1e-06,0.1,1.683,0.0075324348,1.250872920000036e-05,0.1660648851550678,-0.3925
2019-09-08T00:34:12.375Z,2019-09-08T00:34:13.386Z,DASH/BTC,DASH,BTC,livecoin,binance,1.6750167501675015,0.0134,1.34e-05,0.1,0.8,0.006399936000000001,1.2513715200000143e-05,0.1955287552875551,-0.3924
2019-09-08T00:34:23.700Z,2019-09-08T00:34:24.395Z,DASH/BTC,DASH,BTC,livecoin,bittrex,1.675,0.0134,1.34e-05,0.1,10.26477619,0.08211820952,0.0003536977557086952,0.4307178124999811,-0.0698
2019-09-08T00:34:23.701Z,2019-09-08T00:34:25.312Z,DASH/USDT,DASH,USDT,exmo,binance,0.00011827051240979921,0.01,1e-05,0.1,0.18262526,15.441318066435361,0.051843087458369706,0.33574263048865305,0.3727
2019-09-08T00:34:23.700Z,2019-09-08T00:34:26.567Z,DASH/BTC,DASH,BTC,livecoin,poloniex,1.675,0.0134,1.34e-05,0.1,9.51379607,0.07611036856,0.00017664503008070785,0.23209062500000044,-0.2689
2019-09-08T00:34:23.700Z,2019-09-08T00:34:34.651Z,DASH/BTC,DASH,BTC,livecoin,kraken,1.675,0.0134,1.34e-05,0.1,10.26477619,0.08211820952,0.0006624886553025845,0.8067499999999811,0.1815
2019-09-08T00:35:12.388Z,2019-09-08T00:35:13.363Z,DASH/BTC,DASH,BTC,livecoin,binance,1.6635712654066563,0.0134,1.34e-05,0.1,0.2872733,0.002313974940568,5.0117906754777335e-06,0.2165879408463911,-0.3213
2019-09-08T00:35:52.342Z,2019-09-08T00:35:53.364Z,DASH/BTC,DASH,BTC,livecoin,bitfinex,1.6635712654066563,0.0134,1.34e-05,0.1,0.2872733,0.002313974940568,7.818220997837479e-06,0.33786973492108685,-0.1979
2019-09-08T00:36:12.348Z,2019-09-08T00:36:13.364Z,DASH/BTC,DASH,BTC,livecoin,binance,1.6635712654066563,0.0134,1.34e-05,0.1,0.2872733,0.002313974940568,1.1899455316277317e-05,0.5142430502448059,0.013
2019-09-08T00:36:12.349Z,2019-09-08T00:36:14.116Z,DASH/BTC,DASH,BTC,livecoin,exmo,1.6635712654066563,0.0134,1.34e-05,0.1,0.2872733,0.002313974940568,4.119807078977622e-06,0.17804026339050816,-0.3226
2019-09-08T00:36:17.395Z,2019-09-08T00:36:19.947Z,DASH/BTC,DASH,BTC,livecoin,kraken,1.6635712654066563,0.0134,1.34e-05,0.1,0.2872733,0.002313974940568,2.7236588409775587e-06,0.11770476824217446,-0.3828
2019-09-08T00:37:12.354Z,2019-09-08T00:37:13.404Z,DASH/BTC,DASH,BTC,livecoin,bitfinex,1.6635712654066563,0.0134,1.34e-05,0.1,0.2872733,0.002313974940568,1.0255160401737825e-05,0.44318372779009185,0
2019-09-08T00:37:12.354Z,2019-09-08T00:37:14.111Z,DASH/BTC,DASH,BTC,livecoin,binance,1.6635712654066563,0.0134,1.34e-05,0.1,0.2872733,0.002313974940568,1.2760413396377827e-05,0.551449938919632,0.0501
2019-09-08T00:37:12.355Z,2019-09-08T00:37:15.115Z,DASH/BTC,DASH,BTC,livecoin,exmo,1.6635712654066563,0.0134,1.34e-05,0.1,0.2872733,0.002313974940568,4.119807078977622e-06,0.17804026339050816,-0.3226
2019-09-08T00:37:18.284Z,2019-09-08T00:37:19.951Z,DASH/BTC,DASH,BTC,livecoin,kraken,1.6635712654066563,0.0134,1.34e-05,0.1,0.2872733,0.002313974940568,2.7236588409775587e-06,0.11770476824217446,-0.3828
2019-09-08T00:38:17.383Z,2019-09-08T00:38:18.318Z,DASH/USDT,DASH,USDT,exmo,binance,0.00011759983890487284,0.01,1e-05,0.1,0.0118,1.003402735062,0.0011848574678760477,0.11808393843004979,-0.0979
2019-09-08T00:38:50.282Z,2019-09-08T00:38:51.439Z,DASH/BTC,DASH,BTC,livecoin,bittrex,1.6635712654066563,0.0134,1.34e-05,0.1,0.14176151,0.0011418832925896001,3.0737470593281516e-06,0.2691822429906482,-0.2325
2019-09-08T00:39:12.395Z,2019-09-08T00:39:14.115Z,DASH/BTC,DASH,BTC,livecoin,bitfinex,1.6635712654066563,0.0134,1.34e-05,0.1,0.00035352,2.8475894592e-06,1.5901213645439913e-08,0.5584096258702681,0.0668
2019-09-08T00:39:12.395Z,2019-09-08T00:39:14.938Z,DASH/BTC,DASH,BTC,livecoin,kraken,1.6635712654066563,0.0134,1.34e-05,0.1,0.00035352,2.8475894592e-06,6.877757053439845e-09,0.24152909511654386,-0.1356
2019-09-08T00:39:12.396Z,2019-09-08T00:39:15.200Z,DASH/BTC,DASH,BTC,livecoin,binance,1.6635712654066563,0.0134,1.34e-05,0.1,0.00035352,2.8475894592e-06,1.923469513344e-08,0.6754729011689692,0.1739
2019-09-08T00:39:42.508Z,2019-09-08T00:39:43.376Z,DASH/BTC,DASH,BTC,livecoin,poloniex,1.6635712654066563,0.0134,1.34e-05,0.1,0.00035352,2.8475894592e-06,4.255213123439654e-09,0.14943211387764832,-0.3512
2019-09-08T00:39:50.286Z,2019-09-08T00:39:51.373Z,DASH/BTC,DASH,BTC,livecoin,bittrex,1.6635712654066563,0.0134,1.34e-05,0.1,0.00035352,2.8475894592e-06,7.686363349440302e-09,0.26992526344017664,-0.231
2019-09-08T00:40:12.397Z,2019-09-08T00:40:14.123Z,DASH/BTC,DASH,BTC,livecoin,bitfinex,1.6635712654066563,0.0134,1.34e-05,0.1,0.00035352,2.8475894592e-06,1.6042338829440107e-08,0.5633655784758745,0.1596
2019-09-08T00:40:12.397Z,2019-09-08T00:40:14.933Z,DASH/BTC,DASH,BTC,livecoin,kraken,1.6635712654066563,0.0134,1.34e-05,0.1,0.00035352,2.8475894592e-06,1.3929774013440033e-08,0.4891777488652965,-0.1356
2019-09-08T00:40:12.398Z,2019-09-08T00:40:15.210Z,DASH/BTC,DASH,BTC,livecoin,binance,1.6635712654066563,0.0134,1.34e-05,0.1,0.00035352,2.8475894592e-06,2.982968953344035e-08,1.0475417879170223,0.5453
2019-09-08T00:40:22.061Z,2019-09-08T00:40:23.377Z,DASH/BTC,DASH,BTC,livecoin,exmo,1.6635712654066563,0.0134,1.34e-05,0.1,0.00035352,2.8475894592e-06,1.5513119389440358e-08,0.5447807562048851,0.1919
2019-09-08T00:40:42.416Z,2019-09-08T00:40:43.456Z,DASH/BTC,DASH,BTC,livecoin,poloniex,1.6635712654066563,0.0134,1.34e-05,0.1,0.00035352,2.8475894592e-06,1.034876665943945e-08,0.363422003337055,-0.1374
2019-09-08T00:40:42.417Z,2019-09-08T00:40:44.209Z,DASH/BTC,DASH,BTC,livecoin,kucoin,1.6635712654066563,0.0134,1.34e-05,0.1,0.00035352,2.8475894592e-06,1.2877698493439792e-08,0.4522315691201373,-0.0613
2019-09-08T00:40:51.942Z,2019-09-08T00:40:53.331Z,DASH/BTC,DASH,BTC,livecoin,bittrex,1.6635712654066563,0.0134,1.34e-05,0.1,0.00035352,2.8475894592e-06,8.363424853439621e-09,0.29370191782453203,-0.2121
2019-09-08T00:42:53.701Z,2019-09-08T00:42:54.296Z,DASH/USDT,DASH,USDT,exmo,binance,0.00011728257768715848,0.01,1e-05,0.1,0.18218291,15.533672058773961,0.018162850554290552,0.1169256727293373,-0.0992
2019-09-08T00:43:02.451Z,2019-09-08T00:43:03.038Z,BCH/ETH,BCH,ETH,exmo,kucoin,0.0017733002760212811,0.003,3e-06,0.1,5.231e-05,8.84960105866e-05,1.7029616122680176e-07,0.19243371548387955,-0.0995
2019-09-08T00:53:58.061Z,2019-09-08T00:53:58.165Z,ZEC/BTC,ZEC,BTC,kucoin,binance,0.22259321090706735,0.001,1e-06,0.1,0.35,0.001572375,1.575524999999952e-06,0.10020033388981331,-0.4585
2019-09-08T00:57:12.912Z,2019-09-08T00:57:14.018Z,ZEC/BTC,ZEC,BTC,kucoin,binance,0.22259321090706735,0.001,1e-06,0.1,0.35,0.001572375,1.575524999999952e-06,0.10020033388981331,-0.4585
2019-09-08T01:10:57.648Z,2019-09-08T01:10:58.251Z,DASH/USDT,DASH,USDT,exmo,binance,0.00011661332965963096,0.01,1e-05,0.1,0.0118,1.0118911821179999,0.0010490555177640243,0.10367276010531443,-0.1129
2019-09-08T01:35:03.457Z,2019-09-08T01:35:04.048Z,DASH/USDT,DASH,USDT,exmo,binance,0.00011661332965963096,0.01,1e-05,0.1,0.0118,1.0118911821179999,0.0014027015177640683,0.13862177500431017,-0.0781
2019-09-08T01:39:02.954Z,2019-09-08T01:39:03.537Z,DASH/USDT,DASH,USDT,exmo,binance,0.00011661332965963096,0.01,1e-05,0.1,0.0118,1.0118911821179999,0.0010490555177640243,0.10367276010531443,-0.1129
2019-09-08T01:42:12.860Z,2019-09-08T01:42:13.453Z,DASH/USDT,DASH,USDT,exmo,binance,0.00011661332965963096,0.01,1e-05,0.1,0.0118,1.0118911821179999,0.0010490555177640243,0.10367276010531443,-0.1129
2019-09-08T01:54:22.897Z,2019-09-08T01:54:23.418Z,BSV/USDT,BSV,USDT,poloniex,kucoin,7.407407407407407e-09,1e-06,1e-09,0.1,0.01731446,2.3374521,0.0028544965045198913,0.12211999999999533,-0.3924
2019-09-08T01:59:58.434Z,2019-09-08T01:59:58.768Z,ATOM/USDT,ATOM,USDT,poloniex,binance,4.5194534109772416e-07,1e-06,1e-09,0.1,0.00052913,0.0011707831719535002,5.598411086616163e-06,0.47817659330335116,0.2563
2019-09-08T02:01:37.932Z,2019-09-08T02:01:38.180Z,ZEC/BTC,ZEC,BTC,kucoin,binance,0.22259321090706735,0.001,1e-06,0.1,0.35,0.001572375,1.9251749999998824e-06,0.12243739565942491,-0.4363
2019-09-08T02:08:19.963Z,2019-09-08T02:08:20.071Z,ZEC/BTC,ZEC,BTC,kucoin,binance,0.22259321090706735,0.001,1e-06,0.1,0.35,0.001572375,1.9251749999998824e-06,0.12243739565942491,-0.4363
2019-09-08T02:09:12.975Z,2019-09-08T02:09:14.075Z,ZEC/BTC,ZEC,BTC,kucoin,binance,0.22259321090706735,0.001,1e-06,0.1,0.35,0.001572375,1.9251749999998824e-06,0.12243739565942491,-0.4363
2019-09-08T02:10:12.964Z,2019-09-08T02:10:14.066Z,ZEC/BTC,ZEC,BTC,kucoin,binance,0.22259321090706735,0.001,1e-06,0.1,0.35,0.001572375,1.9251749999998824e-06,0.12243739565942491,-0.4363
2019-09-08T02:11:13.280Z,2019-09-08T02:11:14.388Z,ZEC/BTC,ZEC,BTC,kucoin,binance,0.22259321090706735,0.001,1e-06,0.1,0.35,0.001572375,1.9251749999998824e-06,0.12243739565942491,-0.4363
2019-09-08T02:12:13.390Z,2019-09-08T02:12:14.496Z,ZEC/BTC,ZEC,BTC,kucoin,binance,0.22259321090706735,0.001,1e-06,0.1,0.35,0.001572375,1.9251749999998824e-06,0.12243739565942491,-0.4363
2019-09-08T02:13:12.993Z,2019-09-08T02:13:14.093Z,ZEC/BTC,ZEC,BTC,kucoin,binance,0.22259321090706735,0.001,1e-06,0.1,0.35,0.001572375,1.9251749999998824e-06,0.12243739565942491,-0.4363
2019-09-08T02:14:13.105Z,2019-09-08T02:14:14.205Z,ZEC/BTC,ZEC,BTC,kucoin,binance,0.22259321090706735,0.001,1e-06,0.1,0.35,0.001572375,1.9251749999998824e-06,0.12243739565942491,-0.4363
2019-09-08T02:14:58.062Z,2019-09-08T02:14:58.532Z,ATOM/USDT,ATOM,USDT,poloniex,kucoin,4.4923629829290207e-07,1e-06,1e-09,0.1,0.51762235,1.1522273511,0.005740483623734948,0.49820754716980675,-0.035
2019-09-08T02:14:58.062Z,2019-09-08T02:14:59.535Z,ATOM/USDT,ATOM,USDT,poloniex,binance,4.4923629829290207e-07,1e-06,1e-09,0.1,0.51762235,1.1522273511,0.00682640355179997,0.5924528301886767,0.4156
2019-09-08T02:15:08.009Z,2019-09-08T02:15:08.530Z,ATOM/BTC,ATOM,BTC,poloniex,binance,0.004676393565282454,1e-06,1e-09,0.1,8.6490188,0.001849506180192,5.277631271760111e-06,0.28535353535354135,-0.3092
2019-09-08T02:24:03.074Z,2019-09-08T02:24:03.604Z,ATOM/BTC,ATOM,BTC,poloniex,binance,0.004583791712504583,1e-06,1e-09,0.1,0.9168,0.000200009088,2.5248671999997244e-07,0.12623762376236247,-0.3747
2019-09-08T02:25:13.078Z,2019-09-08T02:25:13.611Z,ATOM/USDT,ATOM,USDT,poloniex,binance,4.3668122270742355e-07,1e-06,1e-09,0.1,0.05289276,0.1211244204,0.00021014293547999338,0.1734934497816539,0.0424
2019-09-08T02:28:20.993Z,2019-09-08T02:28:21.279Z,ZEC/BTC,ZEC,BTC,kucoin,binance,0.22259321090706735,0.001,1e-06,0.1,0.35,0.001572375,1.575524999999952e-06,0.10020033388981331,-0.4585
2019-09-08T02:29:13.134Z,2019-09-08T02:29:14.376Z,ZEC/BTC,ZEC,BTC,kucoin,binance,0.22259321090706735,0.001,1e-06,0.1,0.35,0.001572375,1.575524999999952e-06,0.10020033388981331,-0.4585
2019-09-08T02:30:13.006Z,2019-09-08T02:30:13.769Z,ZEC/BTC,ZEC,BTC,kucoin,binance,0.22259321090706735,0.001,1e-06,0.1,0.35,0.001572375,2.2748249999998127e-06,0.1446744574290365,-0.4141
2019-09-08T02:37:03.122Z,2019-09-08T02:37:04.077Z,ZEC/BTC,ZEC,BTC,kucoin,bitfinex,0.22259321090706735,0.001,1e-06,0.1,0.35,0.001572375,2.408595000000183e-06,0.15318196994992817,-0.3056
2019-09-08T02:41:13.235Z,2019-09-08T02:41:14.337Z,ZEC/BTC,ZEC,BTC,kucoin,binance,0.22259321090706735,0.001,1e-06,0.1,0.35,0.001572375,1.575524999999952e-06,0.10020033388981331,-0.4585
2019-09-08T02:42:13.162Z,2019-09-08T02:42:14.261Z,ZEC/BTC,ZEC,BTC,kucoin,binance,0.22259321090706735,0.001,1e-06,0.1,0.35,0.001572375,1.575524999999952e-06,0.10020033388981331,-0.4585
2019-09-08T02:43:13.678Z,2019-09-08T02:43:14.777Z,ZEC/BTC,ZEC,BTC,kucoin,binance,0.22259321090706735,0.001,1e-06,0.1,0.35,0.001572375,1.575524999999952e-06,0.10020033388981331,-0.4585
2019-09-08T02:43:53.191Z,2019-09-08T02:43:54.492Z,ZEC/BTC,ZEC,BTC,kucoin,bitfinex,0.22259321090706735,0.001,1e-06,0.1,0.35,0.001572375,2.2339450000000306e-06,0.14207456872565583,-0.3167
2019-09-08T02:44:13.353Z,2019-09-08T02:44:14.452Z,ZEC/BTC,ZEC,BTC,kucoin,binance,0.22259321090706735,0.001,1e-06,0.1,0.35,0.001572375,1.575524999999952e-06,0.10020033388981331,-0.4585
2019-09-08T02:44:38.473Z,2019-09-08T02:44:38.777Z,ATOM/USDT,ATOM,USDT,poloniex,binance,4.3668122270742355e-07,1e-06,1e-09,0.1,0.05289276,0.1211244204,0.00021014293547999338,0.1734934497816539,0.0424
2019-09-08T02:44:58.188Z,2019-09-08T02:44:58.720Z,ATOM/USDT,ATOM,USDT,poloniex,kucoin,4.3668122270742355e-07,1e-06,1e-09,0.1,0.05289276,0.1211244204,0.00017315502841198,0.14295633187771273,-0.358
2019-09-08T02:45:13.161Z,2019-09-08T02:45:14.274Z,ZEC/BTC,ZEC,BTC,kucoin,binance,0.22259321090706735,0.001,1e-06,0.1,0.35,0.001572375,1.575524999999952e-06,0.10020033388981331,-0.4585
2019-09-08T02:45:51.181Z,2019-09-08T02:45:51.511Z,ATOM/USDT,ATOM,USDT,poloniex,binance,4.3668122270742355e-07,1e-06,1e-09,0.1,0.05289276,0.1211244204,0.00031582266995997855,0.26074235807858487,0.1295
2019-09-08T02:46:13.454Z,2019-09-08T02:46:14.559Z,ZEC/BTC,ZEC,BTC,kucoin,binance,0.22259321090706735,0.001,1e-06,0.1,0.35,0.001572375,1.575524999999952e-06,0.10020033388981331,-0.4585
2019-09-08T02:47:13.156Z,2019-09-08T02:47:14.254Z,ZEC/BTC,ZEC,BTC,kucoin,binance,0.22259321090706735,0.001,1e-06,0.1,0.35,0.001572375,2.2748249999998127e-06,0.1446744574290365,-0.4141
2019-09-08T02:47:43.324Z,2019-09-08T02:47:43.776Z,ATOM/USDT,ATOM,USDT,poloniex,kucoin,4.3668122270742355e-07,1e-06,1e-09,0.1,0.05289276,0.1211244204,0.00019957496203199348,0.1647685589519597,-0.3972
2019-09-08T02:48:58.425Z,2019-09-08T02:48:58.742Z,ATOM/USDT,ATOM,USDT,poloniex,gateio,4.364283515466159e-07,1e-06,1e-09,0.1,4.3642835,9.999999964561974,0.05114081752882022,0.5114081771005318,0.1574
2019-09-08T02:49:03.829Z,2019-09-08T02:49:04.137Z,ATOM/USDT,ATOM,USDT,poloniex,binance,4.364283515466159e-07,1e-06,1e-09,0.1,4.3642835,9.999999964561974,0.07693286015712127,0.7693286042975614,0.6803
2019-09-08T02:52:58.256Z,2019-09-08T02:52:58.772Z,ATOM/USDT,ATOM,USDT,poloniex,kucoin,4.342570651312078e-07,1e-06,1e-09,0.1,4.34257065,9.999999996978568,0.06485086998121654,0.648508700008108,0.1463
2019-09-08T02:52:58.256Z,2019-09-08T02:52:59.764Z,ATOM/USDT,ATOM,USDT,poloniex,gateio,4.342570651312078e-07,1e-06,1e-09,0.1,4.34257065,9.999999996978568,0.03264810306907541,0.3264810307893981,0.025
2019-09-08T02:53:03.261Z,2019-09-08T02:53:03.802Z,ATOM/USDT,ATOM,USDT,poloniex,binance,4.342570651312078e-07,1e-06,1e-09,0.1,4.34257065,9.999999996978568,0.02233623480358431,0.22336234810333053,0.0489
2019-09-08T02:54:13.230Z,2019-09-08T02:54:13.783Z,ATOM/USDT,ATOM,USDT,poloniex,kucoin,4.342570651312078e-07,1e-06,1e-09,0.1,1.43705963,3.3092371901095086,0.009257899233618234,0.27975931315191926,-0.1999
2019-09-08T02:54:13.230Z,2019-09-08T02:54:14.792Z,ATOM/USDT,ATOM,USDT,poloniex,gateio,4.342570651312078e-07,1e-06,1e-09,0.1,1.43705963,3.3092371901095086,0.009800101832017629,0.29614383221933166,-0.0052
2019-09-08T02:54:21.140Z,2019-09-08T02:54:21.458Z,ATOM/USDT,ATOM,USDT,poloniex,binance,4.342570651312078e-07,1e-06,1e-09,0.1,1.43705963,3.3092371901095086,0.008827212462508142,0.2667446289099644,0.1355
2019-09-08T02:56:28.407Z,2019-09-08T02:56:30.803Z,ZEC/USDT,ZEC,USDT,kucoin,poloniex,2.1185094167743574e-05,0.001,1e-06,0.1,0.0025,0.11800750000000002,0.0005355034575625051,0.4537876470245578,-0.6085
2019-09-08T03:21:33.684Z,2019-09-08T03:21:34.067Z,EOS/BTC,EOS,BTC,poloniex,binance,0.002893937201562726,1e-06,1e-09,0.1,1.34270297,0.0004639710112835,5.893459011071235e-07,0.12702213861956468,-0.3739
2019-09-08T03:21:53.605Z,2019-09-08T03:21:53.952Z,DCR/BTC,DCR,BTC,poloniex,binance,0.0004270493028420131,1e-06,1e-09,0.1,0.04742739,0.00011105834779349999,1.4905835834627407e-07,0.13421625776698087,-0.6018
2019-09-08T03:23:43.550Z,2019-09-08T03:23:43.975Z,DCR/BTC,DCR,BTC,poloniex,binance,0.0004270493028420131,1e-06,1e-09,0.1,0.04742739,0.00011105834779349999,1.4905835834627407e-07,0.13421625776698087,-0.6018
2019-09-08T03:27:21.364Z,2019-09-08T03:27:21.667Z,EOS/USDT,EOS,USDT,poloniex,binance,2.750335540935994e-07,1e-06,1e-09,0.1,0.27971547,1.0170230716824,0.0016882227191850085,0.16599650157319276,-0.0062
2019-09-08T03:29:23.432Z,2019-09-08T03:29:24.019Z,BCH/USDT,BCH,USDT,poloniex,binance,3.273620850464504e-09,1e-06,1e-09,0.1,8.66e-06,0.0026453888203856,2.661386563436424e-06,0.10060474070683084,-0.0609
2019-09-08T03:29:29.023Z,2019-09-08T03:29:29.383Z,BCH/USDT,BCH,USDT,poloniex,kucoin,3.273620850464504e-09,1e-06,1e-09,0.1,8.66e-06,0.0026453888203856,3.0074401634360597e-06,0.11368612962527323,-0.4244
2019-09-08T03:29:53.435Z,2019-09-08T03:29:54.042Z,ZEC/USDT,ZEC,USDT,kucoin,binance,2.1037573105566542e-05,0.001,1e-06,0.1,0.0025,0.118835,0.00012696499999999045,0.10684141877392221,-0.0853
2019-09-08T03:30:29.505Z,2019-09-08T03:30:29.826Z,BSV/USDT,BSV,USDT,poloniex,kucoin,7.379092167458834e-09,1e-06,1e-09,0.1,0.0147,1.9921149738209998,0.002073368944447223,0.10407877917158431,-0.4111
2019-09-08T03:35:28.477Z,2019-09-08T03:35:29.063Z,MKR/BTC,MKR,BTC,exmo,kucoin,0.0023856600835171883,0.0001,1.0000000000000001e-07,0.1,0.0008,3.3533696e-05,7.752460799999544e-08,0.231184203494883,-0.4802
2019-09-08T03:36:44.401Z,2019-09-08T03:36:45.005Z,MKR/BTC,MKR,BTC,exmo,kucoin,0.0023856606526547275,0.0001,1.0000000000000001e-07,0.1,0.00870882,0.0003650485659102,9.310231949795937e-07,0.25504091288736097,-0.4564
2019-09-08T03:37:43.556Z,2019-09-08T03:37:44.170Z,MKR/BTC,MKR,BTC,exmo,kucoin,0.0023856606526547275,0.0001,1.0000000000000001e-07,0.1,0.00870882,0.0003650485659102,8.44022083179559e-07,0.2312081629673307,-0.4801
2019-09-08T03:38:43.822Z,2019-09-08T03:38:44.444Z,MKR/BTC,MKR,BTC,exmo,kucoin,0.0023856606526547275,0.0001,1.0000000000000001e-07,0.1,0.00870882,0.0003650485659102,8.44022083179559e-07,0.2312081629673307,-0.4801
2019-09-08T03:39:43.554Z,2019-09-08T03:39:44.152Z,MKR/BTC,MKR,BTC,exmo,kucoin,0.0023856606526547275,0.0001,1.0000000000000001e-07,0.1,0.0008,3.3533688e-05,7.753262399999622e-08,0.2312081629673307,-0.4801
2019-09-08T03:41:00.058Z,2019-09-08T03:41:01.144Z,BCH/USDT,BCH,USDT,poloniex,binance,3.2523269682400968e-09,1e-06,1e-09,0.1,0.02714815,8.347300337607335,0.008966462976645832,0.10741751960509874,-0.0381
2019-09-08T03:42:26.454Z,2019-09-08T03:42:26.789Z,DOGE/USDT,DOGE,USDT,poloniex,binance,0.00040496978925372165,1e-06,1e-09,0.1,0.00816419,2.01599976508e-05,4.427685162700178e-08,0.21962726580597972,0.1021
2019-09-08T03:42:33.583Z,2019-09-08T03:42:34.104Z,DOGE/USDT,DOGE,USDT,poloniex,gateio,0.00040496978925372165,1e-06,1e-09,0.1,0.00816419,2.01599976508e-05,2.0742757532997998e-08,0.10289067435568314,-0.2228
2019-09-08T03:42:38.585Z,2019-09-08T03:42:39.100Z,EOS/BTC,EOS,BTC,poloniex,binance,0.0028799354894450363,1e-06,1e-09,0.1,0.2909064,0.00010101142927200001,3.9334181609998353e-07,0.38940327736657065,-0.1696
2019-09-08T03:42:38.589Z,2019-09-08T03:42:40.093Z,EOS/USDT,EOS,USDT,poloniex,binance,2.7364722494349185e-07,1e-06,1e-09,0.1,0.27898586,1.0195091876323998,0.00308166386026698,0.3022693564364545,0.1218
2019-09-08T03:42:45.250Z,2019-09-08T03:42:47.381Z,MKR/BTC,MKR,BTC,exmo,kucoin,0.0023856606526547275,0.0001,1.0000000000000001e-07,0.1,0.0013,5.4492243e-05,1.6495151399999433e-07,0.30270641272739374,-0.4327
2019-09-08T03:42:45.250Z,2019-09-08T03:42:47.574Z,EOS/USDT,EOS,USDT,poloniex,kucoin,2.731352135772062e-07,1e-06,1e-09,0.1,1.38519682,5.071469188678782,0.00537290724324256,0.1059438013591148,-0.3071
2019-09-08T03:43:00.927Z,2019-09-08T03:43:07.018Z,BCH/BTC,BCH,BTC,livecoin,poloniex,0.12969283276450513,0.0038,3.8e-06,0.1,0.025,0.0007325000000000001,2.5861243749999053e-06,0.35305452218428734,0.1663
2019-09-08T03:43:13.837Z,2019-09-08T03:43:14.509Z,BCH/BTC,BCH,BTC,livecoin,bittrex,0.12969283276450513,0.0038,3.8e-06,0.1,0.025,0.0007325000000000001,9.906231249999882e-07,0.13523865187713147,-0.0988
2019-09-08T03:43:13.839Z,2019-09-08T03:43:16.482Z,BCH/BTC,BCH,BTC,livecoin,gateio,0.12969283276450513,0.0038,3.8e-06,0.1,0.025,0.0007325000000000001,9.590000000000246e-07,0.13092150170648797,-0.6925
2019-09-08T03:43:13.838Z,2019-09-08T03:43:18.612Z,BCH/BTC,BCH,BTC,livecoin,bitfinex,0.12969283276450513,0.0038,3.8e-06,0.1,0.025,0.0007325000000000001,1.458000000000033e-06,0.19904436860068708,-0.0072
2019-09-08T03:44:09.462Z,2019-09-08T03:44:10.556Z,BCH/BTC,BCH,BTC,livecoin,binance,0.12969283276450513,0.0038,3.8e-06,0.1,0.025,0.0007325000000000001,2.06987500000001e-06,0.28257679180887507,-0.2239
2019-09-08T03:45:43.540Z,2019-09-08T03:45:43.815Z,ZEC/USDT,ZEC,USDT,kucoin,binance,2.0892092343048155e-05,0.001,1e-06,0.1,0.0025,0.1196625,0.00022271249999999162,0.1861172046380375,-0.0899
2019-09-08T03:46:13.597Z,2019-09-08T03:46:14.257Z,DASH/USDT,DASH,USDT,exmo,binance,0.00011597815653760739,0.01,1e-05,0.1,0.08143011,7.021159193334415,0.008780679954016124,0.12506026016832267,-0.0921
2019-09-08T03:46:13.614Z,2019-09-08T03:46:18.239Z,ZEC/USDT,ZEC,USDT,kucoin,binance,2.0892092343048155e-05,0.001,1e-06,0.1,0.0025,0.1196625,0.00022271249999999162,0.1861172046380375,-0.0066
2019-09-08T03:47:13.496Z,2019-09-08T03:47:15.773Z,ZEC/USDT,ZEC,USDT,kucoin,binance,2.0892092343048155e-05,0.001,1e-06,0.1,0.0025,0.1196625,0.00022271249999999162,0.1861172046380375,-0.0066
2019-09-08T03:47:58.903Z,2019-09-08T03:47:59.236Z,ZEC/USDT,ZEC,USDT,kucoin,poloniex,2.0892092343048155e-05,0.001,1e-06,0.1,0.0025,0.1196625,0.00015067956093748984,0.12592045205263958,-0.9367
2019-09-08T03:48:36.813Z,2019-09-08T03:48:38.096Z,ZEC/USDT,ZEC,USDT,kucoin,binance,2.0892092343048155e-05,0.001,1e-06,0.1,0.0025,0.1196625,0.0005224124999999921,0.43657160764649916,0.1393
2019-09-08T03:49:13.614Z,2019-09-08T03:49:16.148Z,ZEC/USDT,ZEC,USDT,kucoin,poloniex,2.0892092343048155e-05,0.001,1e-06,0.1,0.0025,0.1196625,0.0001506797354999953,0.12592059793167892,-0.9367
2019-09-08T03:49:13.614Z,2019-09-08T03:49:16.229Z,ZEC/USDT,ZEC,USDT,kucoin,binance,2.0892092343048155e-05,0.001,1e-06,0.1,0.0025,0.1196625,0.0005473874999999876,0.45744280789720054,0.2643
2019-09-08T03:49:39.499Z,2019-09-08T03:49:39.776Z,ZEC/USDT,ZEC,USDT,kucoin,gateio,2.0892092343048155e-05,0.001,1e-06,0.1,0.0025,0.1196625,0.0001774374999999886,0.14828162540477477,-0.2352
2019-09-08T03:49:58.570Z,2019-09-08T03:49:59.126Z,ATOM/USDT,ATOM,USDT,poloniex,binance,4.2992663594307744e-07,1e-06,1e-09,0.1,1.74545225,4.05988395245904,0.00500912400156273,0.12338096507730825,-0.0076
2019-09-08T03:50:14.019Z,2019-09-08T03:50:16.348Z,ZEC/USDT,ZEC,USDT,kucoin,poloniex,2.0892092343048155e-05,0.001,1e-06,0.1,0.0025,0.1196625,0.00043231363612499153,0.36127745628328967,-0.7017
2019-09-08T03:50:14.019Z,2019-09-08T03:50:16.636Z,ZEC/USDT,ZEC,USDT,kucoin,binance,2.0892092343048155e-05,0.001,1e-06,0.1,0.0025,0.1196625,0.0005723624999999967,0.47831400814791325,0.2852
2019-09-08T03:50:40.753Z,2019-09-08T03:50:41.247Z,ZEC/USDT,ZEC,USDT,kucoin,gateio,2.0892092343048155e-05,0.001,1e-06,0.1,0.0025,0.1196625,0.00015248749999999614,0.12743131724641898,-0.1935
2019-09-08T03:51:13.602Z,2019-09-08T03:51:14.139Z,ATOM/USDT,ATOM,USDT,poloniex,binance,4.2992663594307744e-07,1e-06,1e-09,0.1,1.74545225,4.05988395245904,0.008496537597062469,0.2092803069387287,0.0781
2019-09-08T03:51:13.616Z,2019-09-08T03:51:16.881Z,ZEC/USDT,ZEC,USDT,kucoin,binance,2.0892092343048155e-05,0.001,1e-06,0.1,0.0025,0.1196625,0.0005723624999999967,0.47831400814791325,0.2852
2019-09-08T03:51:13.616Z,2019-09-08T03:51:17.141Z,ZEC/USDT,ZEC,USDT,kucoin,poloniex,2.0892092343048155e-05,0.001,1e-06,0.1,0.0025,0.1196625,0.00019092704006249086,0.15955461407081656,-0.9031
2019-09-08T03:51:40.517Z,2019-09-08T03:51:41.771Z,ZEC/USDT,ZEC,USDT,kucoin,gateio,2.0892092343048155e-05,0.001,1e-06,0.1,0.0025,0.1196625,0.00015248749999999614,0.12743131724641898,-0.2352
2019-09-08T03:52:14.153Z,2019-09-08T03:52:16.481Z,ZEC/USDT,ZEC,USDT,kucoin,poloniex,2.0892092343048155e-05,0.001,1e-06,0.1,0.0025,0.1196625,0.0001909285363124987,0.15955586446254982,-0.9031
2019-09-08T03:52:14.154Z,2019-09-08T03:52:16.765Z,ZEC/USDT,ZEC,USDT,kucoin,binance,2.0892092343048155e-05,0.001,1e-06,0.1,0.0025,0.1196625,0.0005224124999999921,0.43657160764649916,0.2852
2019-09-08T03:52:40.837Z,2019-09-08T03:52:41.158Z,ZEC/USDT,ZEC,USDT,kucoin,gateio,2.0892092343048155e-05,0.001,1e-06,0.1,0.0025,0.1196625,0.00020238750000000835,0.16913193356315334,-0.2352
2019-09-08T03:53:14.231Z,2019-09-08T03:53:16.335Z,ZEC/USDT,ZEC,USDT,kucoin,binance,2.0892092343048155e-05,0.001,1e-06,0.1,0.0025,0.1196625,0.000497437499999983,0.41570040739578645,0.2226
2019-09-08T03:53:14.230Z,2019-09-08T03:53:16.546Z,ZEC/USDT,ZEC,USDT,kucoin,poloniex,2.0892092343048155e-05,0.001,1e-06,0.1,0.0025,0.1196625,0.0001909306809374918,0.1595576566906857,-0.9031
2019-09-08T03:53:43.691Z,2019-09-08T03:53:44.161Z,ZEC/USDT,ZEC,USDT,kucoin,gateio,2.0892092343048155e-05,0.001,1e-06,0.1,0.0025,0.1196625,0.00022733749999998728,0.18998224172149777,-0.1727
2019-09-08T03:54:13.763Z,2019-09-08T03:54:15.871Z,ZEC/USDT,ZEC,USDT,kucoin,binance,2.0892092343048155e-05,0.001,1e-06,0.1,0.0025,0.1196625,0.0005723624999999967,0.47831400814791325,0.2643
2019-09-08T03:54:13.763Z,2019-09-08T03:54:17.162Z,ZEC/USDT,ZEC,USDT,kucoin,poloniex,2.0892092343048155e-05,0.001,1e-06,0.1,0.0025,0.1196625,0.00019093205249998986,0.15955880288310026,-0.9031
2019-09-08T03:54:43.669Z,2019-09-08T03:54:44.129Z,ZEC/USDT,ZEC,USDT,kucoin,gateio,2.0892092343048155e-05,0.001,1e-06,0.1,0.0025,0.1196625,0.0002522874999999934,0.21083254987986494,-0.1519
2019-09-08T03:55:03.927Z,2019-09-08T03:55:04.258Z,ATOM/USDT,ATOM,USDT,poloniex,binance,4.2808219178082193e-07,1e-06,1e-09,0.1,0.43493793,1.0160150044799998,0.0016579833891598986,0.16318493150683935,-0.0105
2019-09-08T03:55:14.871Z,2019-09-08T03:55:16.984Z,ZEC/USDT,ZEC,USDT,kucoin,binance,2.0892092343048155e-05,0.001,1e-06,0.1,0.0025,0.1196625,0.0006472874999999831,0.5409276089000172,0.3268
2019-09-08T03:55:14.870Z,2019-09-08T03:55:17.197Z,ZEC/USDT,ZEC,USDT,kucoin,poloniex,2.0892092343048155e-05,0.001,1e-06,0.1,0.0025,0.1196625,0.0001909332494999961,0.15955980319648688,-0.9031
2019-09-08T03:55:43.649Z,2019-09-08T03:55:44.265Z,ZEC/USDT,ZEC,USDT,kucoin,gateio,2.0892092343048155e-05,0.001,1e-06,0.1,0.0025,0.1196625,0.0003520874999999907,0.2942337825133109,-0.0894
2019-09-08T03:56:14.185Z,2019-09-08T03:56:15.785Z,ZEC/USDT,ZEC,USDT,kucoin,binance,2.0892092343048155e-05,0.001,1e-06,0.1,0.0025,0.1196625,0.0007471874999999924,0.6244124099028454,0.431
2019-09-08T03:56:14.184Z,2019-09-08T03:56:16.488Z,ZEC/USDT,ZEC,USDT,kucoin,poloniex,2.0892092343048155e-05,0.001,1e-06,0.1,0.0025,0.1196625,0.00019093866093748812,0.15956432544655855,-0.9031
2019-09-08T03:56:43.646Z,2019-09-08T03:56:44.111Z,ZEC/USDT,ZEC,USDT,kucoin,gateio,2.0892092343048155e-05,0.001,1e-06,0.1,0.0025,0.1196625,0.0003770374999999832,0.3150840906716667,-0.027
2019-09-08T03:57:13.611Z,2019-09-08T03:57:15.718Z,ZEC/USDT,ZEC,USDT,kucoin,binance,2.0892092343048155e-05,0.001,1e-06,0.1,0.0025,0.1196625,0.0007471874999999924,0.6244124099028454,0.4102
2019-09-08T03:57:13.611Z,2019-09-08T03:57:16.175Z,ZEC/USDT,ZEC,USDT,kucoin,poloniex,2.0892092343048155e-05,0.001,1e-06,0.1,0.0025,0.1196625,0.00019094424693749917,0.1595689935756809,-0.9031
2019-09-08T03:57:43.618Z,2019-09-08T03:57:44.187Z,ZEC/USDT,ZEC,USDT,kucoin,gateio,2.0892092343048155e-05,0.001,1e-06,0.1,0.0025,0.1196625,0.0003520874999999907,0.2942337825133109,-0.0478
2019-09-08T03:58:13.648Z,2019-09-08T03:58:15.760Z,ZEC/USDT,ZEC,USDT,kucoin,binance,2.0892092343048155e-05,0.001,1e-06,0.1,0.0025,0.1196625,0.0006722624999999923,0.56179880915073,0.3893
2019-09-08T03:58:13.648Z,2019-09-08T03:58:16.182Z,ZEC/USDT,ZEC,USDT,kucoin,poloniex,2.0892092343048155e-05,0.001,1e-06,0.1,0.0025,0.1196625,0.00019134439406249051,0.1599033900031259,-0.9028
2019-09-08T03:58:43.673Z,2019-09-08T03:58:44.198Z,ZEC/USDT,ZEC,USDT,kucoin,gateio,2.0892092343048155e-05,0.001,1e-06,0.1,0.0025,0.1196625,0.0003520874999999907,0.2942337825133109,-0.0686
2019-09-08T03:59:13.663Z,2019-09-08T03:59:15.774Z,ZEC/USDT,ZEC,USDT,kucoin,binance,2.0892092343048155e-05,0.001,1e-06,0.1,0.0025,0.1196625,0.0006972375000000015,0.5826700094014428,0.3893
2019-09-08T03:59:13.663Z,2019-09-08T03:59:16.923Z,ZEC/USDT,ZEC,USDT,kucoin,poloniex,2.0892092343048155e-05,0.001,1e-06,0.1,0.0025,0.1196625,0.00019171097531248783,0.16020973597617286,-0.9024
2019-09-08T03:59:43.669Z,2019-09-08T03:59:44.124Z,ZEC/USDT,ZEC,USDT,kucoin,gateio,2.0892092343048155e-05,0.001,1e-06,0.1,0.0025,0.1196625,0.0003770374999999832,0.3150840906716667,-0.0894
2019-09-08T04:00:14.484Z,2019-09-08T04:00:15.780Z,ZEC/USDT,ZEC,USDT,kucoin,poloniex,2.0892092343048155e-05,0.001,1e-06,0.1,0.0025,0.1196625,0.00019214072324999325,0.16056886931995676,-0.9021
2019-09-08T04:00:14.484Z,2019-09-08T04:00:16.593Z,ZEC/USDT,ZEC,USDT,kucoin,binance,2.0892092343048155e-05,0.001,1e-06,0.1,0.0025,0.1196625,0.0007222124999999969,0.6035412096521441,0.3893
2019-09-08T04:00:43.667Z,2019-09-08T04:00:44.124Z,ZEC/USDT,ZEC,USDT,kucoin,gateio,2.0892092343048155e-05,0.001,1e-06,0.1,0.0025,0.1196625,0.0003520874999999907,0.2942337825133109,-0.0686
2019-09-08T04:01:11.091Z,2019-09-08T04:01:12.404Z,ZEC/USDT,ZEC,USDT,kucoin,poloniex,2.0892092343048155e-05,0.001,1e-06,0.1,0.0025,0.1196625,0.00019250690549998402,0.16087488185520443,-0.9018
2019-09-08T04:01:11.092Z,2019-09-08T04:01:13.697Z,ZEC/USDT,ZEC,USDT,kucoin,binance,2.0892092343048155e-05,0.001,1e-06,0.1,0.0025,0.1196625,0.0007721625000000014,0.6452836101535581,0.431
2019-09-08T04:01:44.597Z,2019-09-08T04:01:45.042Z,ZEC/USDT,ZEC,USDT,kucoin,gateio,2.0892092343048155e-05,0.001,1e-06,0.1,0.0025,0.1196625,0.0004019874999999893,0.33593439883003384,-0.0686
2019-09-08T04:02:13.668Z,2019-09-08T04:02:15.225Z,ZEC/USDT,ZEC,USDT,kucoin,poloniex,2.0892092343048155e-05,0.001,1e-06,0.1,0.0025,0.1196625,0.00019280777643750077,0.161126314791602,-0.9015
2019-09-08T04:02:13.668Z,2019-09-08T04:02:15.280Z,ZEC/USDT,ZEC,USDT,kucoin,binance,2.0892092343048155e-05,0.001,1e-06,0.1,0.0025,0.1196625,0.0008970375000000062,0.7496396114070876,0.556
2019-09-08T04:02:43.606Z,2019-09-08T04:02:44.139Z,ZEC/USDT,ZEC,USDT,kucoin,gateio,2.0892092343048155e-05,0.001,1e-06,0.1,0.0025,0.1196625,0.00047683750000000757,0.39848532330513536,0.0771
2019-09-08T04:03:13.925Z,2019-09-08T04:03:15.231Z,ZEC/USDT,ZEC,USDT,kucoin,poloniex,2.0892092343048155e-05,0.001,1e-06,0.1,0.0025,0.1196625,0.00019317363449998523,0.16143205640863698,-0.9012
2019-09-08T04:03:13.925Z,2019-09-08T04:03:16.036Z,ZEC/USDT,ZEC,USDT,kucoin,binance,2.0892092343048155e-05,0.001,1e-06,0.1,0.0025,0.1196625,0.0008970375000000062,0.7496396114070876,0.556
2019-09-08T04:03:43.720Z,2019-09-08T04:03:44.179Z,ZEC/USDT,ZEC,USDT,kucoin,gateio,2.0892092343048155e-05,0.001,1e-06,0.1,0.0025,0.1196625,0.00045188749999998786,0.3776350151467568,-0.027
2019-09-08T04:04:14.603Z,2019-09-08T04:04:15.927Z,ZEC/USDT,ZEC,USDT,kucoin,poloniex,2.0892092343048155e-05,0.001,1e-06,0.1,0.0025,0.1196625,0.00019350754762499327,0.16171110216232593,-0.9009
2019-09-08T04:04:14.603Z,2019-09-08T04:04:16.711Z,ZEC/USDT,ZEC,USDT,kucoin,binance,2.0892092343048155e-05,0.001,1e-06,0.1,0.0025,0.1196625,0.0008970375000000062,0.7496396114070876,0.556
2019-09-08T04:04:38.659Z,2019-09-08T04:04:39.604Z,ZEC/USDT,ZEC,USDT,kucoin,bittrex,2.0892092343048155e-05,0.001,1e-06,0.1,0.0025,0.1196625,0.00025640525924999384,0.21427369413976294,-0.3485
2019-09-08T04:04:43.809Z,2019-09-08T04:04:44.256Z,ZEC/USDT,ZEC,USDT,kucoin,gateio,2.0892092343048155e-05,0.001,1e-06,0.1,0.0025,0.1196625,0.00045188749999998786,0.3776350151467568,0.0146
2019-09-08T04:05:13.693Z,2019-09-08T04:05:15.238Z,ZEC/USDT,ZEC,USDT,kucoin,poloniex,2.0892092343048155e-05,0.001,1e-06,0.1,0.0025,0.1196625,0.00019393939031248244,0.16207198605451367,-0.9006
2019-09-08T04:05:13.693Z,2019-09-08T04:05:15.971Z,ZEC/USDT,ZEC,USDT,kucoin,binance,2.0892092343048155e-05,0.001,1e-06,0.1,0.0025,0.1196625,0.0009220124999999881,0.7705108116577776,0.5769
2019-09-08T04:05:43.718Z,2019-09-08T04:05:44.496Z,ZEC/USDT,ZEC,USDT,kucoin,gateio,2.0892092343048155e-05,0.001,1e-06,0.1,0.0025,0.1196625,0.0005267374999999927,0.440185939621847,0.0771
2019-09-08T04:05:43.717Z,2019-09-08T04:05:45.936Z,ZEC/USDT,ZEC,USDT,kucoin,bittrex,2.0892092343048155e-05,0.001,1e-06,0.1,0.0025,0.1196625,0.00034293988049998917,0.28658926606078694,-0.2763
2019-09-08T04:06:13.685Z,2019-09-08T04:06:15.455Z,ZEC/USDT,ZEC,USDT,kucoin,binance,2.0755500207555003e-05,0.001,1e-06,0.1,0.05613,2.7043434,0.005245348500000001,0.19396014943960155,0.0215
2019-09-08T04:07:13.864Z,2019-09-08T04:07:15.458Z,ZEC/USDT,ZEC,USDT,kucoin,binance,2.074860984314051e-05,0.001,1e-06,0.1,0.0025,0.12049,0.0002934849999999921,0.24357623039255716,0.0297
2019-09-08T04:07:27.690Z,2019-09-08T04:07:28.512Z,MKR/BTC,MKR,BTC,exmo,kucoin,0.0023837584051321367,0.0001,1.0000000000000001e-07,0.1,0.01978816,0.0008301243933695999,1.6499146180608906e-06,0.19875510601051471,-0.5126
2019-09-08T04:08:13.687Z,2019-09-08T04:08:14.453Z,MKR/BTC,MKR,BTC,exmo,kucoin,0.0023837589733626853,0.0001,1.0000000000000001e-07,0.1,0.00870882,0.00036533978885100005,7.262189200979875e-07,0.19877903865384017,-0.5126
2019-09-08T04:08:13.690Z,2019-09-08T04:08:15.291Z,ZEC/USDT,ZEC,USDT,kucoin,binance,2.074860984314051e-05,0.001,1e-06,0.1,0.0025,0.12049,0.0002435350000000065,0.20212050792597436,0.009
2019-09-08T04:09:13.652Z,2019-09-08T04:09:14.261Z,MKR/BTC,MKR,BTC,exmo,kucoin,0.0023837589733626853,0.0001,1.0000000000000001e-07,0.1,0.00870882,0.00036533978885100005,7.262189200979875e-07,0.19877903865384017,-0.5126
2019-09-08T04:10:13.688Z,2019-09-08T04:10:14.297Z,MKR/BTC,MKR,BTC,exmo,kucoin,0.0023837589733626853,0.0001,1.0000000000000001e-07,0.1,0.00870882,0.00036533978885100005,7.262189200979875e-07,0.19877903865384017,-0.5126
2019-09-08T04:11:13.765Z,2019-09-08T04:11:14.388Z,MKR/BTC,MKR,BTC,exmo,kucoin,0.0023837589733626853,0.0001,1.0000000000000001e-07,0.1,0.00870882,0.00036533978885100005,5.522166964979361e-07,0.15115153436603967,-0.56
2019-09-08T04:12:13.977Z,2019-09-08T04:12:14.579Z,MKR/BTC,MKR,BTC,exmo,kucoin,0.0023837589733626853,0.0001,1.0000000000000001e-07,0.1,0.0008,3.356044e-05,5.0727119999994124e-08,0.15115153436603967,-0.56
2019-09-08T04:13:14.278Z,2019-09-08T04:13:14.882Z,MKR/BTC,MKR,BTC,exmo,kucoin,0.0023837589733626853,0.0001,1.0000000000000001e-07,0.1,0.0008,3.356044e-05,5.0727119999994124e-08,0.15115153436603967,-0.56
2019-09-08T04:14:13.782Z,2019-09-08T04:14:14.363Z,MKR/BTC,MKR,BTC,exmo,kucoin,0.0023837589733626853,0.0001,1.0000000000000001e-07,0.1,0.00870882,0.00036533978885100005,5.522166964979361e-07,0.15115153436603967,-0.56
2019-09-08T04:19:08.752Z,2019-09-08T04:19:09.302Z,ATOM/USDT,ATOM,USDT,kucoin,poloniex,0.004297932694374006,0.01,1e-05,0.1,1.4446,3.3611508200000006,0.0038702506485646594,0.11514659281384639,-0.9084
2019-09-08T04:19:29.086Z,2019-09-08T04:19:29.404Z,ATOM/USDT,ATOM,USDT,binance,poloniex,0.0004297378599054577,0.001,1e-06,0.1,4.27798392,9.95486858184,0.010176535634092205,0.10222672002578292,-0.8991
2019-09-08T04:23:13.753Z,2019-09-08T04:23:26.808Z,ZEC/BTC,ZEC,BTC,livecoin,kraken,5.272257163130227,0.024,2.4e-05,0.1,0.02894659,0.0001317686407367,2.2486191625394652e-07,0.17064903682452448,-0.3528
2019-09-08T04:23:13.753Z,2019-09-08T04:23:27.603Z,ZEC/BTC,ZEC,BTC,livecoin,bitfinex,5.272257163130227,0.024,2.4e-05,0.1,0.02894659,0.0001317686407367,3.852954966699458e-07,0.29240302891174463,-0.1401
2019-09-08T04:23:13.754Z,2019-09-08T04:23:28.519Z,ZEC/BTC,ZEC,BTC,livecoin,binance,5.272257163130227,0.024,2.4e-05,0.1,0.02894659,0.0001317686407367,5.526531014139698e-07,0.41941170397157,-0.1046
2019-09-08T04:23:43.853Z,2019-09-08T04:23:45.763Z,ZEC/BTC,ZEC,BTC,livecoin,poloniex,5.272257163130227,0.024,2.4e-05,0.1,0.02894659,0.0001317686407367,2.3840819670920422e-07,0.18092938909917977,-0.3426
2019-09-08T04:24:13.766Z,2019-09-08T04:24:27.776Z,ZEC/BTC,ZEC,BTC,livecoin,kraken,5.272257163130227,0.024,2.4e-05,0.1,0.02894659,0.0001317686407367,2.2486191625394652e-07,0.17064903682452448,-0.3528
2019-09-08T04:24:13.767Z,2019-09-08T04:24:29.565Z,ZEC/BTC,ZEC,BTC,livecoin,binance,5.272257163130227,0.024,2.4e-05,0.1,0.02894659,0.0001317686407367,5.526531014139698e-07,0.41941170397157,-0.1265
2019-09-08T04:25:13.816Z,2019-09-08T04:25:26.795Z,ZEC/BTC,ZEC,BTC,livecoin,kraken,5.272257163130227,0.024,2.4e-05,0.1,0.02894659,0.0001317686407367,2.2486191625394652e-07,0.17064903682452448,-0.3528
2019-09-08T04:25:13.817Z,2019-09-08T04:25:27.572Z,ZEC/BTC,ZEC,BTC,livecoin,bitfinex,5.272257163130227,0.024,2.4e-05,0.1,0.02894659,0.0001317686407367,4.5751723871994526e-07,0.3472125356701189,-0.1007
2019-09-08T04:25:13.817Z,2019-09-08T04:25:29.544Z,ZEC/BTC,ZEC,BTC,livecoin,binance,5.272257163130227,0.024,2.4e-05,0.1,0.02894659,0.0001317686407367,5.526531014139698e-07,0.41941170397157,-0.1046
2019-09-08T04:25:39.340Z,2019-09-08T04:25:39.663Z,BSV/USDT,BSV,USDT,kucoin,poloniex,7.26258606164483e-06,0.001,1e-06,0.1,1.58376948,218.07238724016,0.5025819643654456,0.23046565900705218,-0.7378
2019-09-08T04:25:39.340Z,2019-09-08T04:25:40.674Z,BSV/USDT,BSV,USDT,gateio,poloniex,7.260582298700356e-07,0.0001,1.0000000000000001e-07,0.1,5.82982468,802.9417531763999,0.8252978202796132,0.10278427009366169,-0.8978
2019-09-08T04:26:13.824Z,2019-09-08T04:26:26.870Z,ZEC/BTC,ZEC,BTC,livecoin,kraken,5.272257163130227,0.024,2.4e-05,0.1,0.02894659,0.0001317686407367,2.2486191625394652e-07,0.17064903682452448,-0.3528
2019-09-08T04:26:13.824Z,2019-09-08T04:26:27.573Z,ZEC/BTC,ZEC,BTC,livecoin,bitfinex,5.272257163130227,0.024,2.4e-05,0.1,0.02894659,0.0001317686407367,4.3151741158194617e-07,0.3274811132371047,-0.1182
2019-09-08T04:26:13.824Z,2019-09-08T04:26:28.545Z,ZEC/BTC,ZEC,BTC,livecoin,binance,5.272257163130227,0.024,2.4e-05,0.1,0.02894659,0.0001317686407367,5.81570744823946e-07,0.4413574744130816,-0.0827
2019-09-08T04:43:53.917Z,2019-09-08T04:43:54.438Z,ATOM/USDT,ATOM,USDT,kucoin,gateio,0.004273686909696995,0.01,1e-05,0.1,10.29435885,24.087770273115,0.031501767516884445,0.13077909312363545,-0.1929
2019-09-08T04:44:49.161Z,2019-09-08T04:44:49.408Z,ATOM/USDT,ATOM,USDT,kucoin,gateio,0.004273686909696995,0.01,1e-05,0.1,0.00035885,0.0008396731150000001,1.0981168849999806e-06,0.13077909312363545,-0.1929
2019-09-08T04:45:43.909Z,2019-09-08T04:45:44.373Z,ATOM/USDT,ATOM,USDT,kucoin,gateio,0.004273686909696995,0.01,1e-05,0.1,0.00035885,0.0008396731150000001,1.0981168849999806e-06,0.13077909312363545,-0.1929
2019-09-08T05:44:44.293Z,2019-09-08T05:44:44.868Z,MKR/BTC,MKR,BTC,exmo,kucoin,0.0023552814950007976,0.0001,1.0000000000000001e-07,0.1,0.24825715,0.0105404449755555,1.853350347438876e-05,0.17583226815727493,-0.538
2019-09-08T05:45:44.466Z,2019-09-08T05:45:45.069Z,MKR/BTC,MKR,BTC,exmo,kucoin,0.00235528204973602,0.0001,1.0000000000000001e-07,0.1,0.24835756,0.0105447056766656,1.854348807146829e-05,0.17585590949686924,-0.538
2019-09-08T05:46:44.371Z,2019-09-08T05:46:45.345Z,MKR/BTC,MKR,BTC,exmo,kucoin,0.00235528204973602,0.0001,1.0000000000000001e-07,0.1,0.24835756,0.0105447056766656,1.854348807146829e-05,0.17585590949686924,-0.538
2019-09-08T05:47:44.284Z,2019-09-08T05:47:44.863Z,MKR/BTC,MKR,BTC,exmo,kucoin,0.00235528204973602,0.0001,1.0000000000000001e-07,0.1,0.24835756,0.0105447056766656,1.854348807146829e-05,0.17585590949686924,-0.538
2019-09-08T05:48:44.488Z,2019-09-08T05:48:45.081Z,MKR/BTC,MKR,BTC,exmo,kucoin,0.00235528204973602,0.0001,1.0000000000000001e-07,0.1,0.24825715,0.010540442492984,1.853599101103149e-05,0.17585590949686924,-0.538
2019-09-08T05:49:44.881Z,2019-09-08T05:49:45.479Z,MKR/BTC,MKR,BTC,exmo,kucoin,0.002355282604471504,0.0001,1.0000000000000001e-07,0.1,0.24241655,0.0102924612757625,1.8102334662973583e-05,0.17587955084759355,-0.538
2019-09-08T05:50:44.406Z,2019-09-08T05:50:45.004Z,MKR/BTC,MKR,BTC,exmo,kucoin,0.002355282604471504,0.0001,1.0000000000000001e-07,0.1,0.24241655,0.0102924612757625,3.9898006673476546e-05,0.38764300981565525,-0.3271
2019-09-08T06:04:59.679Z,2019-09-08T06:04:59.925Z,XEM/BTC,XEM,BTC,gateio,kucoin,22.371364653243848,0.0001,1.0000000000000001e-07,0.1,5.1134,2.2856898000000003e-05,3.359503799999882e-08,0.14697986577180688,-0.3761
2019-09-08T06:06:14.646Z,2019-09-08T06:06:15.886Z,XEM/BTC,XEM,BTC,gateio,kucoin,22.371364653243848,0.0001,1.0000000000000001e-07,0.1,5.1134,2.2856898000000003e-05,3.359503799999882e-08,0.14697986577180688,-0.3761
2019-09-08T06:07:14.533Z,2019-09-08T06:07:15.882Z,XEM/BTC,XEM,BTC,gateio,kucoin,22.371364653243848,0.0001,1.0000000000000001e-07,0.1,5.1134,2.2856898000000003e-05,3.359503799999882e-08,0.14697986577180688,-0.3761
2019-09-08T06:08:14.692Z,2019-09-08T06:08:15.959Z,XEM/BTC,XEM,BTC,gateio,kucoin,22.371364653243848,0.0001,1.0000000000000001e-07,0.1,5.1134,2.2856898000000003e-05,3.359503799999882e-08,0.14697986577180688,-0.3761
2019-09-08T06:09:09.737Z,2019-09-08T06:09:10.978Z,XEM/BTC,XEM,BTC,gateio,kucoin,22.371364653243848,0.0001,1.0000000000000001e-07,0.1,5.1134,2.2856898000000003e-05,3.359503799999882e-08,0.14697986577180688,-0.3761
2019-09-08T06:11:29.737Z,2019-09-08T06:11:30.341Z,ATOM/BTC,ATOM,BTC,poloniex,binance,0.0044444444444444444,1e-06,1e-09,0.1,9.53160208,0.0021446104680000002,4.8725549832959326e-06,0.22719999999999685,-0.3183
2019-09-08T06:12:45.598Z,2019-09-08T06:12:45.907Z,ATOM/BTC,ATOM,BTC,poloniex,binance,0.004432231185178619,1e-06,1e-09,0.1,0.02141406,4.831440217199999e-06,8.333281449000043e-09,0.1724802765712269,-0.3286
2019-09-08T07:10:30.885Z,2019-09-08T07:10:31.656Z,BCH/ETH,BCH,ETH,livecoin,bittrex,0.002299154666778462,0.0038,3.8e-06,0.1,0.23364805,0.3861691441768285,0.005939848247375006,1.5381467776346014,1.3814
2019-09-08T07:10:30.886Z,2019-09-08T07:10:32.423Z,BCH/ETH,BCH,ETH,livecoin,kucoin,0.002299154666778462,0.0038,3.8e-06,0.1,0.23364805,0.3861691441768285,0.007246632480150205,1.8765436310550851,1.5685
2019-09-08T07:10:30.886Z,2019-09-08T07:10:33.384Z,BCH/ETH,BCH,ETH,livecoin,exmo,0.002299154666778462,0.0038,3.8e-06,0.1,0.04937227,0.0816015680506099,0.0012618873241580669,1.5464008281990793,1.3097
2019-09-08T07:40:55.370Z,2019-09-08T07:40:56.243Z,MKR/BTC,MKR,BTC,exmo,kucoin,0.00235529314449535,0.0001,1.0000000000000001e-07,0.1,0.0329,0.001396853724,1.477041552000098e-06,0.10574060308694844,-0.6078
2019-09-08T07:42:55.124Z,2019-09-08T07:42:55.720Z,MKR/BTC,MKR,BTC,exmo,kucoin,0.00235529314449535,0.0001,1.0000000000000001e-07,0.1,0.0324,0.001375624944,1.7782701120000692e-06,0.129269981600455,-0.5844
2019-09-08T07:44:10.100Z,2019-09-08T07:44:10.700Z,MKR/BTC,MKR,BTC,exmo,kucoin,0.00235529314449535,0.0001,1.0000000000000001e-07,0.1,0.0324,0.001375624944,2.4256221120000147e-06,0.17632873862746812,-0.5375
2019-09-08T07:45:10.106Z,2019-09-08T07:45:11.164Z,MKR/BTC,MKR,BTC,exmo,kucoin,0.00235529314449535,0.0001,1.0000000000000001e-07,0.1,0.0324,0.001375624944,3.0729741120001505e-06,0.22338749565449512,-0.4906
2019-09-08T07:55:10.461Z,2019-09-08T07:55:13.095Z,MKR/ETH,MKR,ETH,bittrex,kucoin,0.0008512153005900908,0.00211199,2.11199e-06,0.1,0.0212,0.052600309192,0.0003422628350200046,0.6506859755722871,0.4484
2019-09-08T08:14:40.299Z,2019-09-08T08:14:40.834Z,ATOM/BTC,ATOM,BTC,poloniex,kucoin,0.004549383558527819,1e-06,1e-09,0.1,5.63870174,0.0012394430294694,1.6893268477953815e-06,0.13629725672172077,-0.3647
2019-09-08T08:15:45.290Z,2019-09-08T08:15:45.840Z,ATOM/BTC,ATOM,BTC,poloniex,kucoin,0.004549383558527819,1e-06,1e-09,0.1,0.01040989,2.2881979209e-06,3.1187509945501504e-09,0.13629725672172077,-0.3647
2019-09-08T08:19:00.386Z,2019-09-08T08:19:01.829Z,BSV/BTC,BSV,BTC,poloniex,kucoin,7.751937984496123e-05,1e-06,1e-09,0.1,0.07706535,0.000994143015,1.6017262344000265e-06,0.1611162790697701,-0.3915
2019-09-08T08:24:50.402Z,2019-09-08T08:24:50.913Z,XLM/USDT,XLM,USDT,binance,poloniex,1.638806948541462,0.1,0.0001,0.1,45.14593433,2.7548049128166,0.003893772503006,0.14134476401179652,-0.859
2019-09-08T08:32:40.416Z,2019-09-08T08:32:42.806Z,XEM/BTC,XEM,BTC,poloniex,bittrex,0.2222222222222222,1e-06,1e-09,0.1,144539.29081417,0.650426808663765,0.0010732042342952023,0.16499999999999848,-0.4038
2019-09-08T08:32:40.416Z,2019-09-08T08:32:44.138Z,XEM/BTC,XEM,BTC,gateio,bittrex,22.22222222222222,0.0001,1.0000000000000001e-07,0.1,206.729,0.0009302805000000001,2.0001030749999347e-06,0.21499999999999297,-0.3084
2019-09-08T09:50:30.951Z,2019-09-08T09:50:31.429Z,XLM/USDT,XLM,USDT,binance,poloniex,1.6350555918901244,0.1,0.0001,0.1,48.3,2.9540279999999997,0.013376174227500325,0.45281135546109674,-0.5478
2019-09-08T09:50:30.951Z,2019-09-08T09:50:32.459Z,XLM/USDT,XLM,USDT,kucoin,poloniex,1.6347615700250118,0.1,0.0001,0.1,1653.9995,101.1768034145,0.43984548198578444,0.43472956956727554,-0.5659
2019-09-08T10:09:21.382Z,2019-09-08T10:09:21.974Z,USDC/USDT,USDC,USDT,exmo,bitfinex,1.0101010101010102,1,0.001,0.1,0.00664908,0.0065825892,2.7419476104000506e-05,0.4165454545454622,-1.6345
2019-09-08T10:09:21.382Z,2019-09-08T10:09:22.332Z,USDC/USDT,USDC,USDT,exmo,binance,1.0101010101010102,1,0.001,0.1,0.00664908,0.0065825892,3.0734707392000487e-05,0.46690909090909827,0.2857
2019-09-08T10:09:21.382Z,2019-09-08T10:09:22.667Z,USDC/USDT,USDC,USDT,exmo,gateio,1.0101010101010102,1,0.001,0.1,0.00664908,0.0065825892,6.848552400000008e-06,0.10404040404040417,-0.2462
2019-09-08T10:15:59.060Z,2019-09-08T10:16:00.471Z,DCR/BTC,DCR,BTC,poloniex,bittrex,0.0004208647929766083,1e-06,1e-09,0.1,0.49302825,0.0011714647036950002,7.283457034425176e-06,0.6217393500164287,-0.1201
2019-09-08T10:17:04.091Z,2019-09-08T10:17:04.581Z,DCR/BTC,DCR,BTC,poloniex,binance,0.000420593962794258,1e-06,1e-09,0.1,0.00090262,2.1460602858e-06,1.3597992865499853e-08,0.6336258564344499,-0.0666
2019-09-08T10:17:33.997Z,2019-09-08T10:17:35.477Z,DCR/BTC,DCR,BTC,poloniex,bittrex,0.000420593962794258,1e-06,1e-09,0.1,0.00090262,2.1460602858e-06,1.8117343508999736e-08,0.8442140991508085,0.1011
2019-09-08T10:18:04.066Z,2019-09-08T10:18:04.559Z,DCR/BTC,DCR,BTC,poloniex,binance,0.000420593962794258,1e-06,1e-09,0.1,0.00090262,2.1460602858e-06,9.08940596550018e-09,0.42353917201873315,-0.3175
2019-09-08T10:18:34.044Z,2019-09-08T10:18:35.482Z,DCR/BTC,DCR,BTC,poloniex,bittrex,0.00041682297528239755,1e-06,1e-09,0.1,0.28500672,0.0006837596219519999,3.603268709279945e-06,0.5269788670751452,-0.2167
2019-09-08T10:19:35.640Z,2019-09-08T10:19:36.756Z,DCR/BTC,DCR,BTC,poloniex,bittrex,0.00041682297528239755,1e-06,1e-09,0.1,0.01102016,2.6438465856e-05,3.4675484448000087e-08,0.13115543328748314,-0.6106
2019-09-08T10:20:34.158Z,2019-09-08T10:20:35.497Z,DCR/BTC,DCR,BTC,poloniex,bittrex,0.00041682297528239755,1e-06,1e-09,0.1,0.01102016,2.6438465856e-05,3.4675484448000087e-08,0.13115543328748314,-0.6106
2019-09-08T10:20:54.045Z,2019-09-08T10:20:54.582Z,ATOM/BTC,ATOM,BTC,poloniex,kucoin,0.004539676775013619,1e-06,1e-09,0.1,0.00325819,7.177140932e-07,9.38228392400004e-10,0.13072453241329274,-0.3702
2019-09-08T10:21:34.611Z,2019-09-08T10:21:35.526Z,DCR/BTC,DCR,BTC,poloniex,bittrex,0.00041682297528239755,1e-06,1e-09,0.1,0.01102016,2.6438465856e-05,3.4675484448000087e-08,0.13115543328748314,-0.6106
2019-09-08T10:21:54.097Z,2019-09-08T10:21:54.630Z,DCR/BTC,DCR,BTC,poloniex,binance,0.00042068243103963245,1e-06,1e-09,0.1,0.17485722,0.00041565134908980004,1.4990990327954332e-06,0.36066261689711443,-0.38
2019-09-08T10:23:34.491Z,2019-09-08T10:23:35.008Z,DCR/BTC,DCR,BTC,poloniex,bittrex,0.00041682297528239755,1e-06,1e-09,0.1,0.10214641,0.000245059452231,3.214087863855008e-07,0.13115543328748314,-0.6106
2019-09-08T10:24:34.318Z,2019-09-08T10:24:35.517Z,DCR/BTC,DCR,BTC,poloniex,bittrex,0.00041682297528239755,1e-06,1e-09,0.1,0.10214641,0.000245059452231,3.214087863855008e-07,0.13115543328748314,-0.6106
2019-09-08T10:25:34.133Z,2019-09-08T10:25:35.513Z,DCR/BTC,DCR,BTC,poloniex,bittrex,0.00041682297528239755,1e-06,1e-09,0.1,0.0785921,0.00018855030710999998,2.472939722550006e-07,0.13115543328748314,-0.6106
2019-09-08T10:26:47.979Z,2019-09-08T10:26:48.604Z,ETH/USDT,ETH,USDT,exmo,binance,5.521325239327826e-06,0.001,1e-06,0.1,0.00138644,0.251106381150042,0.0003880507940578947,0.15453641292613157,-0.1854
2019-09-08T10:26:51.218Z,2019-09-08T10:26:51.848Z,ETH/USDT,ETH,USDT,exmo,kucoin,5.521325239327826e-06,0.001,1e-06,0.1,0.00138644,0.251106381150042,0.0003880507940578947,0.15453641292613157,-0.5609
2019-09-08T10:27:04.937Z,2019-09-08T10:27:06.665Z,NEO/ETH,NEO,ETH,kucoin,bittrex,0.019933025035879445,0.001,1e-06,0.1,3.55036,0.17811446048,0.0001862180684210191,0.10454966313188763,-0.0157
